,variable,value
0,Vir,pervertir
1,Vir,affadir
2,Vir,empuantir
3,Vir,infléchir
4,Vir,trahir
5,Vir,superfinir
6,Vir,débrutir
7,Vir,pressentir
8,Vir,attiédir
9,Vir,ébahir
10,Vir,raccourcir
11,Vir,écrouir
12,Vir,accomplir
13,Vir,repolir
14,Vir,gésir
15,Vir,enlaidir
16,Vir,tenir
17,Vir,blanchir
18,Vir,péritélévoir
19,Vir,barrir
20,Vir,endolorir
21,Vir,amerrir
22,Vir,interagir
23,Vir,mûrir
24,Vir,dépolir
25,Vir,éjouir
26,Vir,revenir
27,Vir,guérir
28,Vir,rétrécir
29,Vir,agrandir
30,Vir,subdivoir
31,Vir,dessaisir
32,Vir,assaillir
33,Vir,affolir
34,Vir,ragaillardir
35,Vir,rougir
36,Vir,ramollir
37,Vir,maintenir
38,Vir,réussir
39,Vir,redécouvrir
40,Vir,alourdir
41,Vir,réobtenir
42,Vir,envahir
43,Vir,dégrossir
44,Vir,refleurir
45,Vir,punir
46,Vir,recrépir
47,Vir,lotir
48,Vir,préétablir
49,Vir,réinvestir
50,Vir,tressaillir
51,Vir,partir
52,Vir,pétrir
53,Vir,revoir
54,Vir,appesantir
55,Vir,fournir
56,Vir,rabougrir
57,Vir,assainir
58,Vir,abasourdir
59,Vir,entrevoir
60,Vir,sertir
61,Vir,flétrir
62,Vir,adoucir
63,Vir,désobéir
64,Vir,fléchir
65,Vir,obtenir
66,Vir,dépérir
67,Vir,reconquérir
68,Vir,nantir
69,Vir,subvertir
70,Vir,comparoir
71,Vir,saurir
72,Vir,abroutir
73,Vir,assouvir
74,Vir,fouir
75,Vir,déglutir
76,Vir,mouvoir
77,Vir,concevoir
78,Vir,faiblir
79,Vir,jaillir
80,Vir,abâtardir
81,Vir,défraîchir
82,Vir,équarrir
83,Vir,couvrir
84,Vir,choir
85,Vir,ahurir
86,Vir,secourir
87,Vir,rondir
88,Vir,resurgir
89,Vir,munir
90,Vir,appauvrir
91,Vir,survenir
92,Vir,ressaisir
93,Vir,démunir
94,Vir,pourrir
95,Vir,saillir
96,Vir,retenir
97,Vir,asseoir
98,Vir,définir
99,Vir,gravir
100,Vir,mugir
101,Vir,intervenir
102,Vir,raplatir
103,Vir,bêtir
104,Vir,rétroagir
105,Vir,rélargir
106,Vir,rouir
107,Vir,ensevelir
108,Vir,retentir
109,Vir,surseoir
110,Vir,languir
111,Vir,raboutir
112,Vir,détenir
113,Vir,refroidir
114,Vir,rendormir
115,Vir,déguerpir
116,Vir,ternir
117,Vir,engourdir
118,Vir,abrutir
119,Vir,accueillir
120,Vir,nourrir
121,Vir,avilir
122,Vir,seoir
123,Vir,évanouir
124,Vir,enfouir
125,Vir,périr
126,Vir,amaigrir
127,Vir,tarir
128,Vir,décevoir
129,Vir,surgir
130,Vir,attendrir
131,Vir,durcir
132,Vir,verdir
133,Vir,éblouir
134,Vir,repartir
135,Vir,rejaillir
136,Vir,survêtir
137,Vir,blondir
138,Vir,serfouir
139,Vir,réjouir
140,Vir,dégarnir
141,Vir,promouvoir
142,Vir,convertir
143,Vir,recourir
144,Vir,s'abstenir
145,Vir,croupir
146,Vir,blottir
147,Vir,amollir
148,Vir,bâtir
149,Vir,vêtir
150,Vir,alanguir
151,Vir,franchir
152,Vir,rebondir
153,Vir,bleuir
154,Vir,renformir
155,Vir,chérir
156,Vir,démentir
157,Vir,reverdir
158,Vir,ébaubir
159,Vir,agir
160,Vir,recevoir
161,Vir,apercevoir
162,Vir,regarnir
163,Vir,démaigrir
164,Vir,rebouillir
165,Vir,aplatir
166,Vir,servir
167,Vir,vomir
168,Vir,ameublir
169,Vir,désépaissir
170,Vir,accourcir
171,Vir,ouvrir
172,Vir,enquérir
173,Vir,glapir
174,Vir,mourir
175,Vir,courir
176,Vir,rétablir
177,Vir,repentir
178,Vir,ennoblir
179,Vir,saisir
180,Vir,embellir
181,Vir,roidir
182,Vir,enorgueillir
183,Vir,assortir
184,Vir,circonvenir
185,Vir,bouillir
186,Vir,engloutir
187,Vir,invertir
188,Vir,avachir
189,Vir,réchampir
190,Vir,regaillardir
191,Vir,finir
192,Vir,ourdir
193,Vir,anoblir
194,Vir,désengourdir
195,Vir,alunir
196,Vir,roussir
197,Vir,établir
198,Vir,mégir
199,Vir,avenir
200,Vir,épanouir
201,Vir,dévernir
202,Vir,ravir
203,Vir,applaudir
204,Vir,acquérir
205,Vir,étourdir
206,Vir,réenvahir
207,Vir,contenir
208,Vir,rechampir
209,Vir,rembrunir
210,Vir,avertir
211,Vir,rendurcir
212,Vir,sortir
213,Vir,abonnir
214,Vir,replanir
215,Vir,découvrir
216,Vir,décrépir
217,Vir,prévenir
218,Vir,bonir
219,Vir,tiédir
220,Vir,meurtrir
221,Vir,vagir
222,Vir,sentir
223,Vir,rôtir
224,Vir,vouloir
225,Vir,réagir
226,Vir,réenfouir
227,Vir,cueillir
228,Vir,départir
229,Vir,ébaudir
230,Vir,réassainir
231,Vir,salir
232,Vir,compatir
233,Vir,gauchir
234,Vir,prémunir
235,Vir,divertir
236,Vir,obéir
237,Vir,abalourdir
238,Vir,dégourdir
239,Vir,discourir
240,Vir,aboutir
241,Vir,contrevenir
242,Vir,désunir
243,Vir,transir
244,Vir,emplir
245,Vir,déchoir
246,Vir,débouillir
247,Vir,pourvoir
248,Vir,appartenir
249,Vir,arrondir
250,Vir,convenir
251,Vir,effleurir
252,Vir,noircir
253,Vir,amincir
254,Vir,ressentir
255,Vir,parcourir
256,Vir,resarcir
257,Vir,affranchir
258,Vir,blêmir
259,Vir,soutenir
260,Vir,réfléchir
261,Vir,fleurir
262,Vir,approfondir
263,Vir,défaillir
264,Vir,atterrir
265,Vir,polir
266,Vir,vernir
267,Vir,défléchir
268,Vir,amoindrir
269,Vir,désassortir
270,Vir,renforcir
271,Vir,brandir
272,Vir,percevoir
273,Vir,requérir
274,Vir,hennir
275,Vir,fourbir
276,Vir,entr'ouvrir
277,Vir,abstenir
278,Vir,épaissir
279,Vir,candir
280,Vir,intervertir
281,Vir,rajeunir
282,Vir,régir
283,Vir,offrir
284,Vir,mentir
285,Vir,redéfinir
286,Vir,assombrir
287,Vir,préconcevoir
288,Vir,gémir
289,Vir,bénir
290,Vir,asservir
291,Vir,bannir
292,Vir,matir
293,Vir,abolir
294,Vir,amortir
295,Vir,assujettir
296,Vir,enhardir
297,Vir,désinvestir
298,Vir,pâlir
299,Vir,moisir
300,Vir,anéantir
301,Vir,jaunir
302,Vir,radoucir
303,Vir,catir
304,Vir,rouvrir
305,Vir,raidir
306,Vir,éclaircir
307,Vir,bourrir
308,Vir,devenir
309,Vir,réouvrir
310,Vir,gaudir
311,Vir,mondiovoir
312,Vir,souffrir
313,Vir,renchérir
314,Vir,assoupir
315,Vir,attenir
316,Vir,ressurgir
317,Vir,cotir
318,Vir,rassir
319,Vir,revernir
320,Vir,provoir
321,Vir,dormir
322,Vir,enraidir
323,Vir,remplir
324,Vir,rancir
325,Vir,affaiblir
326,Vir,cramoisir
327,Vir,surenchérir
328,Vir,farcir
329,Vir,aveulir
330,Vir,jouir
331,Vir,issir
332,Vir,rugir
333,Vir,disconvenir
334,Vir,fraîchir
335,Vir,abougrir
336,Vir,querir
337,Vir,venir
338,Vir,frémir
339,Vir,surinvestir
340,Vir,concourir
341,Vir,subvenir
342,Vir,prévoir
343,Vir,fuir
344,Vir,vrombir
345,Vir,travestir
346,Vir,affermir
347,Vir,louchir
348,Vir,voir
349,Vir,esbaudir
350,Vir,bondir
351,Vir,élargir
352,Vir,rosir
353,Vir,assourdir
354,Vir,dévêtir
355,Vir,florir
356,Vir,rassortir
357,Vir,réassortir
358,Vir,reconvertir
359,Vir,démolir
360,Vir,dégauchir
361,Vir,faillir
362,Vir,revêtir
363,Vir,blettir
364,Vir,déraidir
365,Vir,blétir
366,Vir,assagir
367,Vir,crépir
368,Vir,pâtir
369,Vir,advenir
370,Vir,vieillir
371,Vir,entrouvrir
372,Vir,recueillir
373,Vir,endormir
374,Vir,accroupir
375,Vir,doucir
376,Vir,desservir
377,Vir,défleurir
378,Vir,emboutir
379,Vir,néantir
380,Vir,choisir
381,Vir,brunir
382,Vir,rafraîchir
383,Vir,répartir
384,Vir,raffermir
385,Vir,aigrir
386,Vir,investir
387,Vir,enchérir
388,Vir,repétrir
389,Vir,refuir
390,Vir,racornir
391,Vir,allotir
392,Vir,unir
393,Vir,étrécir
394,Vir,garantir
395,Vir,impartir
396,Vir,aplanir
397,Vir,alentir
398,Vir,dessertir
399,Vir,assouplir
400,Vir,émouvoir
401,Vir,garnir
402,Vir,endurcir
403,Vir,entretenir
404,Vir,introvertir
405,Vir,décatir
406,Vir,conquérir
407,Vir,consentir
408,Vir,grossir
409,Vir,recouvrir
410,Vir,abêtir
411,Vir,aguerrir
412,Vir,réunir
413,Vir,souvenir
414,Vir,grandir
415,Vir,assentir
416,Vir,obscurcir
417,Vir,autopunir
418,Vir,mollir
419,Vir,resplendir
420,Vir,sancir
421,Vir,enrichir
422,Vir,ralentir
2296,Nissement,démolissement
2297,Nissement,gémissement
2298,Nissement,désangoissement
2299,Nissement,ressurgissement
2300,Nissement,accroupissement
2301,Nissement,bondissement
2302,Nissement,convertissement
2303,Nissement,raplatissement
2304,Nissement,renchérissement
2305,Nissement,roidissement
2306,Nissement,réjouissement
2307,Nissement,assourdissement
2308,Nissement,nourrissement
2309,Nissement,surgissement
2310,Nissement,renforcissement
2311,Nissement,réassainissement
2312,Nissement,allotissement
2313,Nissement,agrandissement
2314,Nissement,fléchissement
2315,Nissement,jaillissement
2316,Nissement,pissement
2317,Nissement,raidissement
2318,Nissement,rebondissement
2319,Nissement,enhardissement
2320,Nissement,atterrissement
2321,Nissement,enlaidissement
2322,Nissement,réinvestissement
2323,Nissement,agissement
2324,Nissement,grandissement
2325,Nissement,dévissement
2326,Nissement,embellissement
2327,Nissement,adoucissement
2328,Nissement,rabougrissement
2329,Nissement,rôtissement
2330,Nissement,froissement
2331,Nissement,arrondissement
2332,Nissement,raccourcissement
2333,Nissement,durcissement
2334,Nissement,transissement
2335,Nissement,verdissement
2336,Nissement,affranchissement
2337,Nissement,mollissement
2338,Nissement,apetissement
2339,Nissement,abolissement
2340,Nissement,déraidissement
2341,Nissement,envahissement
2342,Nissement,crissement
2343,Nissement,obscurcissement
2344,Nissement,sertissement
2345,Nissement,infléchissement
2346,Nissement,enfouissement
2347,Nissement,gaudissement
2348,Nissement,mûrissement
2349,Nissement,rendurcissement
2350,Nissement,tarissement
2351,Nissement,assujettissement
2352,Nissement,abougrissement
2353,Nissement,anoblissement
2354,Nissement,élargissement
2355,Nissement,éblouissement
2356,Nissement,finissement
2357,Nissement,avertissement
2358,Nissement,brandissement
2359,Nissement,blétissement
2360,Nissement,flétrissement
2361,Nissement,glapissement
2362,Nissement,empoissement
2363,Nissement,rembrunissement
2364,Nissement,blettissement
2365,Nissement,gravissement
2366,Nissement,fournissement
2367,Nissement,tiédissement
2368,Nissement,améliorissement
2369,Nissement,noircissement
2370,Nissement,ralentissement
2371,Nissement,appauvrissement
2372,Nissement,fouissement
2373,Nissement,emboutissement
2374,Nissement,reverdissement
2375,Nissement,replissement
2376,Nissement,avachissement
2377,Nissement,rajeunissement
2378,Nissement,dépérissement
2379,Nissement,vêtissement
2380,Nissement,radoucissement
2381,Nissement,rosissement
2382,Nissement,intervertissement
2383,Nissement,engourdissement
2384,Nissement,baissement
2385,Nissement,enraidissement
2386,Nissement,hennissement
2387,Nissement,réfléchissement
2388,Nissement,blondissement
2389,Nissement,désinvestissement
2390,Nissement,affaiblissement
2391,Nissement,enorgueillissement
2392,Nissement,fleurissement
2393,Nissement,invertissement
2394,Nissement,bénissement
2395,Nissement,chérissement
2396,Nissement,écrouissement
2397,Nissement,ensevelissement
2398,Nissement,surenchérissement
2399,Nissement,affermissement
2400,Nissement,abasourdissement
2401,Nissement,ahurissement
2402,Nissement,moisissement
2403,Nissement,plissement
2404,Nissement,assainissement
2405,Nissement,affadissement
2406,Nissement,alanguissement
2407,Nissement,défroissement
2408,Nissement,bêtissement
2409,Nissement,rélargissement
2410,Nissement,rendormissement
2411,Nissement,accourcissement
2412,Nissement,aplatissement
2413,Nissement,abalourdissement
2414,Nissement,saisissement
2415,Nissement,vagissement
2416,Nissement,blottissement
2417,Nissement,déplissement
2418,Nissement,désengourdissement
2419,Nissement,enchérissement
2420,Nissement,alentissement
2421,Nissement,endormissement
2422,Nissement,rejaillissement
2423,Nissement,roussissement
2424,Nissement,surinvestissement
2425,Nissement,brunissement
2426,Nissement,pétrissement
2427,Nissement,poissement
2428,Nissement,trissement
2429,Nissement,débrutissement
2430,Nissement,ravissement
2431,Nissement,bleuissement
2432,Nissement,florissement
2433,Nissement,ratissement
2434,Nissement,enrichissement
2435,Nissement,blanchissement
2436,Nissement,lissement
2437,Nissement,ameublissement
2438,Nissement,défraîchissement
2439,Nissement,jouissement
2440,Nissement,bannissement
2441,Nissement,surbaissement
2442,Nissement,barrissement
2443,Nissement,ternissement
2444,Nissement,aplanissement
2445,Nissement,assombrissement
2446,Nissement,équarrissement
2447,Nissement,abêtissement
2448,Nissement,périssement
2449,Nissement,rapetissement
2450,Nissement,nantissement
2451,Nissement,assouvissement
2452,Nissement,rétrécissement
2453,Nissement,mugissement
2454,Nissement,vomissement
2455,Nissement,asservissement
2456,Nissement,abonnissement
2457,Nissement,aveulissement
2458,Nissement,dégrossissement
2459,Nissement,aguerrissement
2460,Nissement,amincissement
2461,Nissement,connaissement
2462,Nissement,dégourdissement
2463,Nissement,rabaissement
2464,Nissement,divertissement
2465,Nissement,déguerpissement
2466,Nissement,appesantissement
2467,Nissement,frémissement
2468,Nissement,rafraîchissement
2469,Nissement,investissement
2470,Nissement,répartissement
2471,Nissement,croupissement
2472,Nissement,anéantissement
2473,Nissement,dégarnissement
2474,Nissement,ébaudissement
2475,Nissement,accroissement
2476,Nissement,défléchissement
2477,Nissement,désépaississement
2478,Nissement,évanouissement
2479,Nissement,rencaissement
2480,Nissement,étrécissement
2481,Nissement,rétablissement
2482,Nissement,rugissement
2483,Nissement,tapissement
2484,Nissement,étourdissement
2485,Nissement,amollissement
2486,Nissement,maudissement
2487,Nissement,retentissement
2488,Nissement,abaissement
2489,Nissement,dépolissement
2490,Nissement,remplissement
2491,Nissement,assouplissement
2492,Nissement,emplissement
2493,Nissement,engloutissement
2494,Nissement,pourrissement
2495,Nissement,endurcissement
2496,Nissement,louchissement
2497,Nissement,vrombissement
2498,Nissement,resplendissement
2499,Nissement,ragaillardissement
2500,Nissement,délaissement
2501,Nissement,languissement
2502,Nissement,ramollissement
2503,Nissement,préétablissement
2504,Nissement,dessaisissement
2505,Nissement,amortissement
2506,Nissement,assagissement
2507,Nissement,hérissement
2508,Nissement,éclaircissement
2509,Nissement,abroutissement
2510,Nissement,décatissement
2511,Nissement,décroissement
2512,Nissement,ressaisissement
2513,Nissement,approfondissement
2514,Nissement,endolorissement
2515,Nissement,subvertissement
2516,Nissement,dégraissement
2517,Nissement,réenfouissement
2518,Nissement,coulissement
2519,Nissement,épanouissement
2520,Nissement,jaunissement
2521,Nissement,abâtardissement
2522,Nissement,ébaubissement
2523,Nissement,ébahissement
2524,Nissement,hissement
2525,Nissement,encaissement
2526,Nissement,établissement
2527,Nissement,assentissement
2528,Nissement,défleurissement
2529,Nissement,travestissement
2530,Nissement,affaissement
2531,Nissement,rougissement
2532,Nissement,rassissement
2533,Nissement,ennoblissement
2534,Nissement,décaissement
2535,Nissement,lotissement
2536,Nissement,resurgissement
2537,Nissement,refroidissement
2538,Nissement,alourdissement
2539,Nissement,attiédissement
2540,Nissement,bruissement
2541,Nissement,raffermissement
2542,Nissement,revêtissement
2543,Nissement,démaigrissement
2544,Nissement,racornissement
2545,Nissement,dégauchissement
2546,Nissement,vieillissement
2547,Nissement,pâlissement
2548,Nissement,faiblissement
2549,Nissement,refleurissement
2550,Nissement,empuantissement
2551,Nissement,gauchissement
2552,Nissement,amaigrissement
2553,Nissement,fraîchissement
2554,Nissement,salissement
2555,Nissement,franchissement
2556,Nissement,amoindrissement
2557,Nissement,applaudissement
2558,Nissement,assoupissement
2559,Nissement,dévêtissement
2560,Nissement,avilissement
2561,Nissement,meurtrissement
2562,Nissement,engraissement
2563,Nissement,esbaudissement
2564,Nissement,aigrissement
2565,Nissement,glissement
2566,Nissement,grossissement
2567,Nissement,regaillardissement
2568,Nissement,abrutissement
2569,Nissement,rancissement
2570,Nissement,aboutissement
2571,Nissement,accomplissement
2572,Nissement,attendrissement
2573,Nissement,épaississement
2574,Nissement,compatissement
2575,Nissement,assortissement
2576,Nissement,blêmissement
4592,Nateur,épateur
4593,Nateur,conjectateur
4594,Nateur,instigateur
4595,Nateur,purificateur
4596,Nateur,énonciateur
4597,Nateur,connotateur
4598,Nateur,conformateur
4599,Nateur,irrigateur
4600,Nateur,limitateur
4601,Nateur,scrutateur
4602,Nateur,animateur
4603,Nateur,excitateur
4604,Nateur,libérateur
4605,Nateur,inséminateur
4606,Nateur,actualisateur
4607,Nateur,surrégénérateur
4608,Nateur,télémanipulateur
4609,Nateur,nomenclateur
4610,Nateur,émancipateur
4611,Nateur,rétrogradateur
4612,Nateur,révélateur
4613,Nateur,réhabilitateur
4614,Nateur,évaluateur
4615,Nateur,pronateur
4616,Nateur,communicateur
4617,Nateur,dictateur
4618,Nateur,scintillateur
4619,Nateur,dissimulateur
4620,Nateur,observateur
4621,Nateur,médiateur
4622,Nateur,pasteurisateur
4623,Nateur,saltateur
4624,Nateur,vociférateur
4625,Nateur,collaborateur
4626,Nateur,vulgarisateur
4627,Nateur,prononciateur
4628,Nateur,tentateur
4629,Nateur,certificateur
4630,Nateur,contemplateur
4631,Nateur,respirateur
4632,Nateur,justificateur
4633,Nateur,spoliateur
4634,Nateur,disséminateur
4635,Nateur,élévateur
4636,Nateur,manipulateur
4637,Nateur,estimateur
4638,Nateur,inaugurateur
4639,Nateur,notateur
4640,Nateur,perforateur
4641,Nateur,défibrateur
4642,Nateur,illustrateur
4643,Nateur,méditateur
4644,Nateur,convocateur
4645,Nateur,coopérateur
4646,Nateur,déflegmateur
4647,Nateur,judicateur
4648,Nateur,confiscateur
4649,Nateur,régulateur
4650,Nateur,déflorateur
4651,Nateur,improvisateur
4652,Nateur,déplorateur
4653,Nateur,approbateur
4654,Nateur,organisateur
4655,Nateur,contaminateur
4656,Nateur,vocalisateur
4657,Nateur,modalisateur
4658,Nateur,triomphateur
4659,Nateur,concentrateur
4660,Nateur,évangélisateur
4661,Nateur,commutateur
4662,Nateur,congélateur
4663,Nateur,fabricateur
4664,Nateur,figurateur
4665,Nateur,intégrateur
4666,Nateur,obscurateur
4667,Nateur,déchristianisateur
4668,Nateur,usurpateur
4669,Nateur,confirmateur
4670,Nateur,vulcanisateur
4671,Nateur,publicateur
4672,Nateur,préservateur
4673,Nateur,affermateur
4674,Nateur,allégateur
4675,Nateur,improbateur
4676,Nateur,applicateur
4677,Nateur,affirmateur
4678,Nateur,isolateur
4679,Nateur,promulgateur
4680,Nateur,quantificateur
4681,Nateur,désapprobateur
4682,Nateur,contestateur
4683,Nateur,tourmentateur
4684,Nateur,mensurateur
4685,Nateur,donateur
4686,Nateur,sectateur
4687,Nateur,rééducateur
4688,Nateur,filateur
4689,Nateur,déclamateur
4690,Nateur,conjurateur
4691,Nateur,fomentateur
4692,Nateur,sacrificateur
4693,Nateur,neutralisateur
4694,Nateur,mutilateur
4695,Nateur,murmurateur
4696,Nateur,exportateur
4697,Nateur,réfutateur
4698,Nateur,décentralisateur
4699,Nateur,percolateur
4700,Nateur,humidificateur
4701,Nateur,acclimateur
4702,Nateur,macérateur
4703,Nateur,aliénateur
4704,Nateur,dégustateur
4705,Nateur,divulgateur
4706,Nateur,implantateur
4707,Nateur,modérateur
4708,Nateur,oblateur
4709,Nateur,activateur
4710,Nateur,évaporateur
4711,Nateur,normalisateur
4712,Nateur,réfrigérateur
4713,Nateur,qualificateur
4714,Nateur,stimulateur
4715,Nateur,amplificateur
4716,Nateur,fornicateur
4717,Nateur,annihilateur
4718,Nateur,évocateur
4719,Nateur,frelateur
4720,Nateur,curateur
4721,Nateur,exécrateur
4722,Nateur,sécateur
4723,Nateur,capitulateur
4724,Nateur,collimateur
4725,Nateur,compilateur
4726,Nateur,accompagnateur
4727,Nateur,compensateur
4728,Nateur,scarificateur
4729,Nateur,stabilisateur
4730,Nateur,réparateur
4731,Nateur,modulateur
4732,Nateur,monopolisateur
4733,Nateur,calfateur
4734,Nateur,fumigateur
4735,Nateur,réconciliateur
4736,Nateur,augmentateur
4737,Nateur,préparateur
4738,Nateur,perscrutateur
4739,Nateur,combinateur
4740,Nateur,adjudicateur
4741,Nateur,annonciateur
4742,Nateur,exploitateur
4743,Nateur,vaticinateur
4744,Nateur,oxygénateur
4745,Nateur,conciliateur
4746,Nateur,vinificateur
4747,Nateur,législateur
4748,Nateur,dilapidateur
4749,Nateur,moralisateur
4750,Nateur,surgénérateur
4751,Nateur,incarcérateur
4752,Nateur,programmateur
4753,Nateur,imitateur
4754,Nateur,aérateur
4755,Nateur,exclamateur
4756,Nateur,sanctificateur
4757,Nateur,blasphémateur
4758,Nateur,fédérateur
4759,Nateur,appréciateur
4760,Nateur,insolateur
4761,Nateur,photocoagulateur
4762,Nateur,planificateur
4763,Nateur,intensificateur
4764,Nateur,registrateur
4765,Nateur,rubricateur
4766,Nateur,informateur
4767,Nateur,dénonciateur
4768,Nateur,dissociateur
4769,Nateur,désintégrateur
4770,Nateur,désagrégateur
4771,Nateur,cofondateur
4772,Nateur,conservateur
4773,Nateur,dévorateur
4774,Nateur,démonstrateur
4775,Nateur,constateur
4776,Nateur,ondulateur
4777,Nateur,transformateur
4778,Nateur,congratulateur
4779,Nateur,détonateur
4780,Nateur,adorateur
4781,Nateur,récitateur
4782,Nateur,fixateur
4783,Nateur,délateur
4784,Nateur,nominalisateur
4785,Nateur,rotateur
4786,Nateur,polarisateur
4787,Nateur,incantateur
4788,Nateur,quadrateur
4789,Nateur,abandonnateur
4790,Nateur,sénateur
4791,Nateur,démodulateur
4792,Nateur,adulateur
4793,Nateur,orchestrateur
4794,Nateur,négociateur
4795,Nateur,machinateur
4796,Nateur,accumulateur
4797,Nateur,instillateur
4798,Nateur,immolateur
4799,Nateur,prestidigitateur
4800,Nateur,fulgurateur
4801,Nateur,restaurateur
4802,Nateur,prosateur
4803,Nateur,formateur
4804,Nateur,réalisateur
4805,Nateur,saturateur
4806,Nateur,dépurateur
4807,Nateur,propagateur
4808,Nateur,totalisateur
4809,Nateur,explicateur
4810,Nateur,coordonnateur
4811,Nateur,investigateur
4812,Nateur,séparateur
4813,Nateur,décourageateur
4814,Nateur,littérateur
4815,Nateur,consommateur
4816,Nateur,implorateur
4817,Nateur,stucateur
4818,Nateur,surgélateur
4819,Nateur,exterminateur
4820,Nateur,alimentateur
4821,Nateur,hydrateur
4822,Nateur,unificateur
4823,Nateur,confédérateur
4824,Nateur,horodateur
4825,Nateur,innervateur
4826,Nateur,hétéroaccusateur
4827,Nateur,provocateur
4828,Nateur,détestateur
4829,Nateur,fulminateur
4830,Nateur,créateur
4831,Nateur,migrateur
4832,Nateur,cérificateur
4833,Nateur,modificateur
4834,Nateur,glossateur
4835,Nateur,carbonateur
4836,Nateur,prédicateur
4837,Nateur,supplantateur
4838,Nateur,confabulateur
4839,Nateur,radiateur
4840,Nateur,préfigurateur
4841,Nateur,initiateur
4842,Nateur,annotateur
4843,Nateur,argumentateur
4844,Nateur,aviateur
4845,Nateur,prolongateur
4846,Nateur,célébrateur
4847,Nateur,locateur
4848,Nateur,divagateur
4849,Nateur,vaccinateur
4850,Nateur,interprétateur
4851,Nateur,réanimateur
4852,Nateur,coadministrateur
4853,Nateur,villégiateur
4854,Nateur,idéalisateur
4855,Nateur,coordinateur
4856,Nateur,exagérateur
4857,Nateur,notulateur
4858,Nateur,centuriateur
4859,Nateur,carburateur
4860,Nateur,lamentateur
4861,Nateur,dateur
4862,Nateur,déprédateur
4863,Nateur,dénominateur
4864,Nateur,dispensateur
4865,Nateur,freinateur
4866,Nateur,testateur
4867,Nateur,pacificateur
4868,Nateur,obturateur
4869,Nateur,spectateur
4870,Nateur,épurateur
4871,Nateur,synchronisateur
4872,Nateur,stérilisateur
4873,Nateur,amodiateur
4874,Nateur,téléspectateur
4875,Nateur,fellateur
4876,Nateur,vaporisateur
4877,Nateur,opérateur
4878,Nateur,capsulateur
4879,Nateur,préconisateur
4880,Nateur,examinateur
4881,Nateur,dépravateur
4882,Nateur,violateur
4883,Nateur,flagellateur
4884,Nateur,démoralisateur
4885,Nateur,agitateur
4886,Nateur,récupérateur
4887,Nateur,déflagrateur
4888,Nateur,lapidateur
4889,Nateur,ultraconservateur
4890,Nateur,innovateur
4891,Nateur,élucubrateur
4892,Nateur,rectificateur
4893,Nateur,gouvernateur
4894,Nateur,taxateur
4895,Nateur,dépréciateur
4896,Nateur,revendicateur
4897,Nateur,calculateur
4898,Nateur,divinateur
4899,Nateur,résonnateur
4900,Nateur,monochromateur
4901,Nateur,ventilateur
4902,Nateur,vibrateur
4903,Nateur,installateur
4904,Nateur,glorificateur
4905,Nateur,continuateur
4906,Nateur,réunificateur
4907,Nateur,multiplicateur
4908,Nateur,cultivateur
4909,Nateur,dessinateur
4910,Nateur,incinérateur
4911,Nateur,édificateur
4912,Nateur,identificateur
4913,Nateur,perturbateur
4914,Nateur,orateur
4915,Nateur,consécrateur
4916,Nateur,tabulateur
4917,Nateur,analysateur
4918,Nateur,expérimentateur
4919,Nateur,inhalateur
4920,Nateur,malversateur
4921,Nateur,amateur
4922,Nateur,inspirateur
4923,Nateur,prédateur
4924,Nateur,authentificateur
4925,Nateur,supinateur
4926,Nateur,indicateur
4927,Nateur,conspirateur
4928,Nateur,éthérificateur
4929,Nateur,ratiocinateur
4930,Nateur,interpellateur
4931,Nateur,consignateur
4932,Nateur,générateur
4933,Nateur,imprécateur
4934,Nateur,profanateur
4935,Nateur,numérateur
4936,Nateur,citateur
4937,Nateur,castramétateur
4938,Nateur,buccinateur
4939,Nateur,volumateur
4940,Nateur,déviateur
4941,Nateur,rénovateur
4942,Nateur,verbalisateur
4943,Nateur,soulévateur
4944,Nateur,accélérateur
4945,Nateur,obérateur
4946,Nateur,translateur
4947,Nateur,herborisateur
4948,Nateur,lacérateur
4949,Nateur,décorateur
4950,Nateur,armateur
4951,Nateur,explorateur
4952,Nateur,insensibilisateur
4953,Nateur,vitupérateur
4954,Nateur,acclamateur
4955,Nateur,évacuateur
4956,Nateur,agiotateur
4957,Nateur,panificateur
4958,Nateur,navigateur
4959,Nateur,accusateur
4960,Nateur,hybridateur
4961,Nateur,dominateur
4962,Nateur,classificateur
4963,Nateur,siccateur
4964,Nateur,utilisateur
4965,Nateur,allocateur
4966,Nateur,calomniateur
4967,Nateur,réformateur
4968,Nateur,expurgateur
4969,Nateur,variateur
4970,Nateur,assimilateur
4971,Nateur,épargnateur
4972,Nateur,invocateur
4973,Nateur,narrateur
4974,Nateur,conculcateur
4975,Nateur,cotateur
4976,Nateur,laudateur
4977,Nateur,instrumentateur
4978,Nateur,décimateur
4979,Nateur,temporisateur
4980,Nateur,excavateur
4981,Nateur,canalisateur
4982,Nateur,renforçateur
4983,Nateur,diffamateur
4984,Nateur,fabulateur
4985,Nateur,ordonnateur
4986,Nateur,extirpateur
4987,Nateur,suscitateur
4988,Nateur,inondateur
4989,Nateur,subrogateur
4990,Nateur,sulfateur
4991,Nateur,émanateur
4992,Nateur,postulateur
4993,Nateur,nominateur
4994,Nateur,renonciateur
4995,Nateur,spéculateur
4996,Nateur,interpolateur
4997,Nateur,micromanipulateur
4998,Nateur,abréviateur
4999,Nateur,intimidateur
5000,Nateur,démystificateur
5001,Nateur,crucificateur
5002,Nateur,carbonisateur
5003,Nateur,captateur
5004,Nateur,fondateur
5005,Nateur,clarificateur
5006,Nateur,procrastinateur
5007,Nateur,égalisateur
5008,Nateur,harmonisateur
5009,Nateur,dissertateur
5010,Nateur,transmutateur
5011,Nateur,aspirateur
5012,Nateur,négateur
5013,Nateur,novateur
5014,Nateur,distillateur
5015,Nateur,éducateur
5016,Nateur,exaltateur
5017,Nateur,énumérateur
5018,Nateur,destinateur
5019,Nateur,procurateur
5020,Nateur,adultérateur
5021,Nateur,thermorégulateur
5022,Nateur,spécificateur
5023,Nateur,condensateur
5024,Nateur,inventoriateur
5025,Nateur,présentateur
5026,Nateur,régénérateur
5027,Nateur,sensibilisateur
5028,Nateur,inoculateur
5029,Nateur,défibrillateur
5030,Nateur,calorisateur
5031,Nateur,expropriateur
5032,Nateur,irrorateur
5033,Nateur,réclamateur
5034,Nateur,illuminateur
5035,Nateur,admirateur
5036,Nateur,triturateur
5037,Nateur,terminateur
5038,Nateur,pulvérisateur
5039,Nateur,imaginateur
5040,Nateur,simulateur
5041,Nateur,défécateur
5042,Nateur,rateur
5043,Nateur,insufflateur
5044,Nateur,miniateur
5045,Nateur,comparateur
5046,Nateur,consolateur
5047,Nateur,oscillateur
5048,Nateur,prévaricateur
5049,Nateur,déclinateur
5050,Nateur,collateur
5051,Nateur,pulsateur
5052,Nateur,liquidateur
5053,Nateur,incitateur
5054,Nateur,ordinateur
5055,Nateur,zélateur
5056,Nateur,déificateur
5057,Nateur,pondérateur
5058,Nateur,proclamateur
5059,Nateur,alternateur
5060,Nateur,désensibilisateur
5061,Nateur,désignateur
5062,Nateur,cristallisateur
5063,Nateur,adaptateur
5064,Nateur,récriminateur
5065,Nateur,instaurateur
5066,Nateur,auscultateur
5067,Nateur,commentateur
5068,Nateur,vérificateur
5069,Nateur,volateur
5070,Nateur,falsificateur
5071,Nateur,damnateur
5072,Nateur,pollinisateur
5073,Nateur,interrogateur
5074,Nateur,localisateur
5075,Nateur,masturbateur
5076,Nateur,dissipateur
5077,Nateur,duplicateur
5078,Nateur,lubrificateur
5079,Nateur,thésaurisateur
5080,Nateur,dilatateur
5081,Nateur,jugulateur
5082,Nateur,importateur
5083,Nateur,réorganisateur
5084,Nateur,administrateur
5085,Nateur,mystificateur
5086,Nateur,mateur
5087,Nateur,discriminateur
5088,Nateur,formolateur
5089,Nateur,versificateur
6888,Nation,médication
6889,Nation,déculpabilisation
6890,Nation,revitalisation
6891,Nation,pulsation
6892,Nation,numérisation
6893,Nation,inutilisation
6894,Nation,démucilagination
6895,Nation,traumatisation
6896,Nation,présidentialisation
6897,Nation,fracturation
6898,Nation,ornementation
6899,Nation,ressuscitation
6900,Nation,lancination
6901,Nation,communication
6902,Nation,domination
6903,Nation,titubation
6904,Nation,subirrigation
6905,Nation,isolation
6906,Nation,sodomisation
6907,Nation,restauration
6908,Nation,manipulation
6909,Nation,regradation
6910,Nation,surtaxation
6911,Nation,départicularisation
6912,Nation,dépsychiatrisation
6913,Nation,collocation
6914,Nation,émasculation
6915,Nation,dénervation
6916,Nation,réhabilitation
6917,Nation,dénicotinisation
6918,Nation,fumigation
6919,Nation,signation
6920,Nation,démutisation
6921,Nation,pluralisation
6922,Nation,automatisation
6923,Nation,défocalisation
6924,Nation,induration
6925,Nation,divagation
6926,Nation,suraccumulation
6927,Nation,disculpation
6928,Nation,fiscalisation
6929,Nation,ingurgitation
6930,Nation,postulation
6931,Nation,financiarisation
6932,Nation,perpétuation
6933,Nation,décrispation
6934,Nation,rutilation
6935,Nation,cumulation
6936,Nation,fomentation
6937,Nation,poldérisation
6938,Nation,ignifugation
6939,Nation,maculation
6940,Nation,métallisation
6941,Nation,bureaucratisation
6942,Nation,orientation
6943,Nation,obstination
6944,Nation,suractivation
6945,Nation,décélération
6946,Nation,remémoration
6947,Nation,désappropriation
6948,Nation,conjuration
6949,Nation,spécialisation
6950,Nation,germanisation
6951,Nation,agrémentation
6952,Nation,supination
6953,Nation,sternutation
6954,Nation,dérationalisation
6955,Nation,lapidification
6956,Nation,mythologisation
6957,Nation,ritualisation
6958,Nation,nationalisation
6959,Nation,prolétarisation
6960,Nation,énervation
6961,Nation,graphitisation
6962,Nation,mélanisation
6963,Nation,striation
6964,Nation,paternalisation
6965,Nation,héparinisation
6966,Nation,reconsolidation
6967,Nation,désaxation
6968,Nation,préservation
6969,Nation,ovation
6970,Nation,instrumentalisation
6971,Nation,décolonisation
6972,Nation,référenciation
6973,Nation,création
6974,Nation,infantilisation
6975,Nation,rétractation
6976,Nation,refixation
6977,Nation,céphalisation
6978,Nation,pacification
6979,Nation,information
6980,Nation,sanguification
6981,Nation,facilitation
6982,Nation,communalisation
6983,Nation,réobservation
6984,Nation,myélinisation
6985,Nation,dévalorisation
6986,Nation,catholicisation
6987,Nation,chymification
6988,Nation,popularisation
6989,Nation,énucléation
6990,Nation,déségrégation
6991,Nation,tubérisation
6992,Nation,adoration
6993,Nation,excommunication
6994,Nation,recarburation
6995,Nation,bifurcation
6996,Nation,mystification
6997,Nation,idiotisation
6998,Nation,diaphragmation
6999,Nation,russification
7000,Nation,subrogation
7001,Nation,ioduration
7002,Nation,dédivinisation
7003,Nation,insufflation
7004,Nation,opalisation
7005,Nation,diéselisation
7006,Nation,potentialisation
7007,Nation,fructification
7008,Nation,interpolation
7009,Nation,totémisation
7010,Nation,rebaptisation
7011,Nation,cosmopolitisation
7012,Nation,orbitation
7013,Nation,syllabification
7014,Nation,paganisation
7015,Nation,interpollinisation
7016,Nation,répertoriation
7017,Nation,saponification
7018,Nation,dégustation
7019,Nation,fédération
7020,Nation,afforestation
7021,Nation,orchestration
7022,Nation,focalisation
7023,Nation,franchisation
7024,Nation,falsification
7025,Nation,préconisation
7026,Nation,carnification
7027,Nation,libéralisation
7028,Nation,fascisation
7029,Nation,kératinisation
7030,Nation,transcatégorisation
7031,Nation,transformation
7032,Nation,romanisation
7033,Nation,gravitation
7034,Nation,transmigration
7035,Nation,annulation
7036,Nation,condamnation
7037,Nation,ramification
7038,Nation,ventilation
7039,Nation,robotisation
7040,Nation,rappropriation
7041,Nation,chylification
7042,Nation,publicisation
7043,Nation,accessoirisation
7044,Nation,arborisation
7045,Nation,cyanuration
7046,Nation,désorganisation
7047,Nation,lexicalisation
7048,Nation,contemplation
7049,Nation,modélisation
7050,Nation,profération
7051,Nation,parallélisation
7052,Nation,régurgitation
7053,Nation,déprédation
7054,Nation,viciation
7055,Nation,désoxydation
7056,Nation,solarisation
7057,Nation,sulfatation
7058,Nation,dératisation
7059,Nation,déshumidification
7060,Nation,gratulation
7061,Nation,rumination
7062,Nation,instigation
7063,Nation,reconsidération
7064,Nation,acidification
7065,Nation,aérobisation
7066,Nation,désappréciation
7067,Nation,supplication
7068,Nation,béatification
7069,Nation,marxisation
7070,Nation,surrégénération
7071,Nation,concaténation
7072,Nation,occultation
7073,Nation,bitumisation
7074,Nation,prévarication
7075,Nation,incivilisation
7076,Nation,hygiénisation
7077,Nation,wagnérisation
7078,Nation,normandisation
7079,Nation,résiliation
7080,Nation,dextrinisation
7081,Nation,débilitation
7082,Nation,exagération
7083,Nation,passivation
7084,Nation,formolisation
7085,Nation,grécisation
7086,Nation,réinoculation
7087,Nation,abhorration
7088,Nation,reformulation
7089,Nation,replantation
7090,Nation,acclimation
7091,Nation,stratification
7092,Nation,désensibilisation
7093,Nation,animation
7094,Nation,discontinuation
7095,Nation,dévastation
7096,Nation,communisation
7097,Nation,explantation
7098,Nation,amodiation
7099,Nation,réaimantation
7100,Nation,désatomisation
7101,Nation,internationalisation
7102,Nation,désopilation
7103,Nation,barbarisation
7104,Nation,mélioration
7105,Nation,démodulation
7106,Nation,utilisation
7107,Nation,réification
7108,Nation,conventionalisation
7109,Nation,peroxydation
7110,Nation,monopolisation
7111,Nation,désarticulation
7112,Nation,congrégation
7113,Nation,congélation
7114,Nation,interprétation
7115,Nation,idéation
7116,Nation,auscultation
7117,Nation,perscrutation
7118,Nation,réhabitation
7119,Nation,herborisation
7120,Nation,préadhérisation
7121,Nation,splénisation
7122,Nation,célébration
7123,Nation,atomisation
7124,Nation,précipitation
7125,Nation,dérogation
7126,Nation,houillification
7127,Nation,considération
7128,Nation,machination
7129,Nation,intensification
7130,Nation,dépilation
7131,Nation,exploitation
7132,Nation,réassignation
7133,Nation,affidation
7134,Nation,séquestration
7135,Nation,sollicitation
7136,Nation,désadaptation
7137,Nation,rentabilisation
7138,Nation,obscuration
7139,Nation,réprobation
7140,Nation,cancérisation
7141,Nation,tamisation
7142,Nation,autofécondation
7143,Nation,déclamation
7144,Nation,majoration
7145,Nation,upérisation
7146,Nation,humification
7147,Nation,coalisation
7148,Nation,infestation
7149,Nation,sécularisation
7150,Nation,exaspération
7151,Nation,podzolisation
7152,Nation,surréservation
7153,Nation,ultraspécialisation
7154,Nation,syncrétisation
7155,Nation,néantisation
7156,Nation,illustration
7157,Nation,réformation
7158,Nation,hydratation
7159,Nation,psychologisation
7160,Nation,invocation
7161,Nation,archaïsation
7162,Nation,orientalisation
7163,Nation,crémation
7164,Nation,surmédicalisation
7165,Nation,provincialisation
7166,Nation,revivification
7167,Nation,corrélation
7168,Nation,réitération
7169,Nation,copermutation
7170,Nation,dessiccation
7171,Nation,solubilisation
7172,Nation,expectoration
7173,Nation,pustulation
7174,Nation,surdilatation
7175,Nation,fortification
7176,Nation,eczématisation
7177,Nation,insémination
7178,Nation,énumération
7179,Nation,profanation
7180,Nation,ranimation
7181,Nation,favorisation
7182,Nation,élucidation
7183,Nation,scarification
7184,Nation,anathémisation
7185,Nation,requalification
7186,Nation,commisération
7187,Nation,gesticulation
7188,Nation,impétration
7189,Nation,décarbonation
7190,Nation,déploration
7191,Nation,justification
7192,Nation,peptonisation
7193,Nation,pollinisation
7194,Nation,postérisation
7195,Nation,défiguration
7196,Nation,optimalisation
7197,Nation,revalorisation
7198,Nation,dissimilation
7199,Nation,anhélation
7200,Nation,aristocratisation
7201,Nation,conformation
7202,Nation,apprésentation
7203,Nation,socialisation
7204,Nation,réimplantation
7205,Nation,castration
7206,Nation,prénomination
7207,Nation,surmultiplication
7208,Nation,légation
7209,Nation,macération
7210,Nation,infiltration
7211,Nation,désectorisation
7212,Nation,fabulation
7213,Nation,levuration
7214,Nation,nécessitation
7215,Nation,expérimentation
7216,Nation,tonification
7217,Nation,terrorisation
7218,Nation,évaporation
7219,Nation,exhortation
7220,Nation,molestation
7221,Nation,parabolisation
7222,Nation,acétylation
7223,Nation,démagnétisation
7224,Nation,concrétisation
7225,Nation,oblitération
7226,Nation,prématuration
7227,Nation,yodisation
7228,Nation,gémination
7229,Nation,pronominalisation
7230,Nation,intégration
7231,Nation,didactisation
7232,Nation,anatomisation
7233,Nation,métamérisation
7234,Nation,exhérédation
7235,Nation,dénucléarisation
7236,Nation,réorientation
7237,Nation,imbrication
7238,Nation,défénestration
7239,Nation,désaération
7240,Nation,décatholicisation
7241,Nation,adultération
7242,Nation,conciliation
7243,Nation,vaccination
7244,Nation,sérialisation
7245,Nation,identification
7246,Nation,divulgation
7247,Nation,gastrulation
7248,Nation,épithélialisation
7249,Nation,copulation
7250,Nation,déconcentration
7251,Nation,initialisation
7252,Nation,natation
7253,Nation,registration
7254,Nation,pistation
7255,Nation,surexcitation
7256,Nation,réoxydation
7257,Nation,réhydratation
7258,Nation,subalternisation
7259,Nation,différenciation
7260,Nation,conjecturation
7261,Nation,criminalisation
7262,Nation,appertisation
7263,Nation,réembarcation
7264,Nation,immatérialisation
7265,Nation,épilation
7266,Nation,décoloration
7267,Nation,autogénération
7268,Nation,révolutionnarisation
7269,Nation,tonalisation
7270,Nation,schizophrénisation
7271,Nation,compensation
7272,Nation,alkylation
7273,Nation,décentration
7274,Nation,collimation
7275,Nation,congratulation
7276,Nation,saturation
7277,Nation,régionalisation
7278,Nation,déméthanisation
7279,Nation,déchloruration
7280,Nation,municipalisation
7281,Nation,densification
7282,Nation,autocongratulation
7283,Nation,argumentation
7284,Nation,élongation
7285,Nation,tunnellisation
7286,Nation,contrepassation
7287,Nation,actuation
7288,Nation,insculpation
7289,Nation,inondation
7290,Nation,nidation
7291,Nation,invagination
7292,Nation,stillation
7293,Nation,suppliciation
7294,Nation,démoralisation
7295,Nation,polarisation
7296,Nation,picturalisation
7297,Nation,pandiculation
7298,Nation,détractation
7299,Nation,aérodynamisation
7300,Nation,institutionnalisation
7301,Nation,perméabilisation
7302,Nation,réglementation
7303,Nation,dévaluation
7304,Nation,alunation
7305,Nation,déclaration
7306,Nation,remilitarisation
7307,Nation,synthétisation
7308,Nation,normalisation
7309,Nation,émendation
7310,Nation,exondation
7311,Nation,violation
7312,Nation,désolation
7313,Nation,tropicalisation
7314,Nation,coparticipation
7315,Nation,métamictisation
7316,Nation,adjudication
7317,Nation,transsudation
7318,Nation,potation
7319,Nation,préspécialisation
7320,Nation,monumentalisation
7321,Nation,subminiaturisation
7322,Nation,typisation
7323,Nation,suturation
7324,Nation,décalcification
7325,Nation,fabrication
7326,Nation,sulfonation
7327,Nation,concélébration
7328,Nation,décontamination
7329,Nation,inhalation
7330,Nation,sursignification
7331,Nation,omnisignification
7332,Nation,positivation
7333,Nation,subjugation
7334,Nation,capsulation
7335,Nation,gâtification
7336,Nation,obturation
7337,Nation,variolisation
7338,Nation,machinisation
7339,Nation,panification
7340,Nation,planétarisation
7341,Nation,rationalisation
7342,Nation,déminéralisation
7343,Nation,palpitation
7344,Nation,alphabétisation
7345,Nation,désignification
7346,Nation,copolycondensation
7347,Nation,granulation
7348,Nation,vérification
7349,Nation,regazéification
7350,Nation,hydrogénation
7351,Nation,fanatisation
7352,Nation,anthropomorphisation
7353,Nation,aimantation
7354,Nation,valorisation
7355,Nation,exsudation
7356,Nation,désoxygénation
7357,Nation,psychiatrisation
7358,Nation,conglutination
7359,Nation,invitation
7360,Nation,défiscalisation
7361,Nation,déspécialisation
7362,Nation,asphyxiation
7363,Nation,exulcération
7364,Nation,limitation
7365,Nation,impérialisation
7366,Nation,association
7367,Nation,optimisation
7368,Nation,finlandisation
7369,Nation,réaugmentation
7370,Nation,panthéonisation
7371,Nation,européanisation
7372,Nation,élémentation
7373,Nation,restructuration
7374,Nation,polymérisation
7375,Nation,incantation
7376,Nation,provocation
7377,Nation,supplantation
7378,Nation,suroccupation
7379,Nation,technicisation
7380,Nation,insalivation
7381,Nation,incurvation
7382,Nation,déodorisation
7383,Nation,préadaptation
7384,Nation,troncation
7385,Nation,purgation
7386,Nation,allégation
7387,Nation,préoccupation
7388,Nation,republication
7389,Nation,affirmation
7390,Nation,déviation
7391,Nation,consolation
7392,Nation,caramélisation
7393,Nation,déflegmation
7394,Nation,masculinisation
7395,Nation,compulsation
7396,Nation,narcotisation
7397,Nation,périclitation
7398,Nation,synchronisation
7399,Nation,substantialisation
7400,Nation,incrustation
7401,Nation,irrationalisation
7402,Nation,diffamation
7403,Nation,approximation
7404,Nation,inflammation
7405,Nation,extrémisation
7406,Nation,domiciliation
7407,Nation,illimitation
7408,Nation,oxygénation
7409,Nation,réparation
7410,Nation,computation
7411,Nation,télémanipulation
7412,Nation,autonomisation
7413,Nation,prédestination
7414,Nation,métaphorisation
7415,Nation,évangélisation
7416,Nation,investigation
7417,Nation,zonation
7418,Nation,taxation
7419,Nation,indignation
7420,Nation,lyophilisation
7421,Nation,déconcertation
7422,Nation,novation
7423,Nation,crépitation
7424,Nation,étatisation
7425,Nation,perambulation
7426,Nation,colonisation
7427,Nation,alcoolification
7428,Nation,acclamation
7429,Nation,amplification
7430,Nation,subérisation
7431,Nation,courtisation
7432,Nation,graciation
7433,Nation,exaltation
7434,Nation,expertisation
7435,Nation,médiocratisation
7436,Nation,désignation
7437,Nation,ultrafiltration
7438,Nation,jansénisation
7439,Nation,insonorisation
7440,Nation,nervation
7441,Nation,phosphatisation
7442,Nation,consécration
7443,Nation,instantanéisation
7444,Nation,agitation
7445,Nation,manducation
7446,Nation,emphatisation
7447,Nation,mélancolisation
7448,Nation,encapsulation
7449,Nation,freination
7450,Nation,vedettisation
7451,Nation,improvisation
7452,Nation,intercalation
7453,Nation,subjectivisation
7454,Nation,affiliation
7455,Nation,détérioration
7456,Nation,giration
7457,Nation,impersonnalisation
7458,Nation,adaptation
7459,Nation,amorphisation
7460,Nation,phonologisation
7461,Nation,préhumidification
7462,Nation,noctambulation
7463,Nation,illumination
7464,Nation,dédifférenciation
7465,Nation,préimagination
7466,Nation,pupinisation
7467,Nation,recordation
7468,Nation,réconciliation
7469,Nation,captation
7470,Nation,abcédation
7471,Nation,prépublication
7472,Nation,adverbialisation
7473,Nation,affamation
7474,Nation,collectivisation
7475,Nation,dispensation
7476,Nation,liquidation
7477,Nation,donation
7478,Nation,dulcification
7479,Nation,rhétorisation
7480,Nation,segmentation
7481,Nation,palpation
7482,Nation,sonorisation
7483,Nation,renationalisation
7484,Nation,évagination
7485,Nation,inégalisation
7486,Nation,vampirisation
7487,Nation,dévoration
7488,Nation,oblation
7489,Nation,uniformisation
7490,Nation,nihilisation
7491,Nation,algérianisation
7492,Nation,vocifération
7493,Nation,émulsification
7494,Nation,théologisation
7495,Nation,insolation
7496,Nation,programmation
7497,Nation,titanisation
7498,Nation,expiation
7499,Nation,autopeptisation
7500,Nation,sociologisation
7501,Nation,centration
7502,Nation,fatalisation
7503,Nation,opacification
7504,Nation,argentation
7505,Nation,minimisation
7506,Nation,édulcoration
7507,Nation,ségrégation
7508,Nation,arabisation
7509,Nation,édénisation
7510,Nation,configuration
7511,Nation,copolymérisation
7512,Nation,complexation
7513,Nation,castramétation
7514,Nation,réaffectation
7515,Nation,exultation
7516,Nation,complexification
7517,Nation,homogénéisation
7518,Nation,mexicanisation
7519,Nation,immigration
7520,Nation,accaparation
7521,Nation,récusation
7522,Nation,suradministration
7523,Nation,catégorisation
7524,Nation,désexualisation
7525,Nation,défibrination
7526,Nation,balkanisation
7527,Nation,retransformation
7528,Nation,solidification
7529,Nation,verbalisation
7530,Nation,évacuation
7531,Nation,amalgamation
7532,Nation,prussification
7533,Nation,refamiliarisation
7534,Nation,suffixation
7535,Nation,excavation
7536,Nation,octaviation
7537,Nation,cassation
7538,Nation,nominalisation
7539,Nation,prismatisation
7540,Nation,réconfortation
7541,Nation,enforestation
7542,Nation,trépanation
7543,Nation,occupation
7544,Nation,dépulpation
7545,Nation,obtempération
7546,Nation,consolidation
7547,Nation,plantation
7548,Nation,imitation
7549,Nation,votation
7550,Nation,denticulation
7551,Nation,décapitation
7552,Nation,cristallisation
7553,Nation,sulfurisation
7554,Nation,lévigation
7555,Nation,signalisation
7556,Nation,caustification
7557,Nation,procréation
7558,Nation,affination
7559,Nation,fermentation
7560,Nation,annellation
7561,Nation,sulfitation
7562,Nation,dissipation
7563,Nation,mondanisation
7564,Nation,flagellation
7565,Nation,somatisation
7566,Nation,axiomatisation
7567,Nation,forfaitisation
7568,Nation,instillation
7569,Nation,cooptation
7570,Nation,gutturalisation
7571,Nation,osirification
7572,Nation,recoloration
7573,Nation,survirilisation
7574,Nation,acétification
7575,Nation,cohobation
7576,Nation,culmination
7577,Nation,implication
7578,Nation,surmodulation
7579,Nation,décristallisation
7580,Nation,lutation
7581,Nation,présentification
7582,Nation,glaciation
7583,Nation,lénification
7584,Nation,déclination
7585,Nation,préprogrammation
7586,Nation,révocation
7587,Nation,scandalisation
7588,Nation,acromégalisation
7589,Nation,extravasation
7590,Nation,inclination
7591,Nation,vulcanisation
7592,Nation,péréquation
7593,Nation,soviétisation
7594,Nation,débaptisation
7595,Nation,divinisation
7596,Nation,infériorisation
7597,Nation,modification
7598,Nation,relation
7599,Nation,revérification
7600,Nation,démonétisation
7601,Nation,infirmation
7602,Nation,sustentation
7603,Nation,technocratisation
7604,Nation,discréditation
7605,Nation,gradation
7606,Nation,devination
7607,Nation,indexation
7608,Nation,transverbération
7609,Nation,absolutisation
7610,Nation,prédication
7611,Nation,représentation
7612,Nation,intellectualisation
7613,Nation,dénazification
7614,Nation,rechristianisation
7615,Nation,plastification
7616,Nation,désespération
7617,Nation,entérination
7618,Nation,mitigation
7619,Nation,planification
7620,Nation,anticipation
7621,Nation,standardisation
7622,Nation,caporalisation
7623,Nation,cohabitation
7624,Nation,acumination
7625,Nation,irréalisation
7626,Nation,décimation
7627,Nation,décrustation
7628,Nation,privatisation
7629,Nation,mensuration
7630,Nation,lustration
7631,Nation,éthanisation
7632,Nation,relatation
7633,Nation,élucubration
7634,Nation,revendication
7635,Nation,scotomisation
7636,Nation,pasteurisation
7637,Nation,recommandation
7638,Nation,ululation
7639,Nation,rétrogradation
7640,Nation,salification
7641,Nation,cyclisation
7642,Nation,ampliation
7643,Nation,salvation
7644,Nation,albification
7645,Nation,squattérisation
7646,Nation,incrimination
7647,Nation,rejudaïsation
7648,Nation,vitamination
7649,Nation,aurification
7650,Nation,exhalation
7651,Nation,ponctuation
7652,Nation,coagulation
7653,Nation,invalidation
7654,Nation,phosphatation
7655,Nation,pressurisation
7656,Nation,primarisation
7657,Nation,opilation
7658,Nation,susurration
7659,Nation,inoculation
7660,Nation,désubjectivisation
7661,Nation,aphtisation
7662,Nation,diagnostication
7663,Nation,révélation
7664,Nation,vitrification
7665,Nation,démoustication
7666,Nation,arriération
7667,Nation,suppuration
7668,Nation,viabilisation
7669,Nation,mondification
7670,Nation,lutéinisation
7671,Nation,sériation
7672,Nation,conflagration
7673,Nation,gélification
7674,Nation,compartimentation
7675,Nation,préfixation
7676,Nation,hyperthymisation
7677,Nation,borduration
7678,Nation,visualisation
7679,Nation,slavisation
7680,Nation,négation
7681,Nation,intubation
7682,Nation,agréation
7683,Nation,récitation
7684,Nation,navalisation
7685,Nation,calorisation
7686,Nation,aérification
7687,Nation,aberration
7688,Nation,mouluration
7689,Nation,irisation
7690,Nation,précation
7691,Nation,scintillation
7692,Nation,commercialisation
7693,Nation,ésotérisation
7694,Nation,déspiritualisation
7695,Nation,légifération
7696,Nation,officialisation
7697,Nation,mercerisation
7698,Nation,prédation
7699,Nation,édentation
7700,Nation,nidification
7701,Nation,sanctification
7702,Nation,décapsulation
7703,Nation,épuration
7704,Nation,feuilletonisation
7705,Nation,maturation
7706,Nation,césarisation
7707,Nation,spatialisation
7708,Nation,sensibilisation
7709,Nation,francisation
7710,Nation,sporulation
7711,Nation,botanisation
7712,Nation,agatisation
7713,Nation,supranationalisation
7714,Nation,gustation
7715,Nation,surgénération
7716,Nation,neutralisation
7717,Nation,japonisation
7718,Nation,vexation
7719,Nation,déglobulisation
7720,Nation,promulgation
7721,Nation,autodétermination
7722,Nation,claudication
7723,Nation,manifestation
7724,Nation,mylonitisation
7725,Nation,horrification
7726,Nation,schématisation
7727,Nation,prédécantation
7728,Nation,réputation
7729,Nation,sulfuration
7730,Nation,délocalisation
7731,Nation,excoriation
7732,Nation,conceptualisation
7733,Nation,modalisation
7734,Nation,déqualification
7735,Nation,caséification
7736,Nation,vacation
7737,Nation,colligation
7738,Nation,militarisation
7739,Nation,calcination
7740,Nation,réanimation
7741,Nation,sibilation
7742,Nation,authentification
7743,Nation,naturalisation
7744,Nation,prostration
7745,Nation,cicatrisation
7746,Nation,virilisation
7747,Nation,quantification
7748,Nation,préfiguration
7749,Nation,résinification
7750,Nation,palettisation
7751,Nation,réciprocation
7752,Nation,réincarnation
7753,Nation,insinuation
7754,Nation,réoccupation
7755,Nation,sécurisation
7756,Nation,débudgétisation
7757,Nation,déformation
7758,Nation,dévitrification
7759,Nation,régénération
7760,Nation,ozonisation
7761,Nation,térébration
7762,Nation,désacralisation
7763,Nation,graphitation
7764,Nation,contamination
7765,Nation,tabulation
7766,Nation,occidentalisation
7767,Nation,prestidigitation
7768,Nation,syndicalisation
7769,Nation,manufacturation
7770,Nation,égyptianisation
7771,Nation,approbation
7772,Nation,autosynchronisation
7773,Nation,pigmentation
7774,Nation,désapprobation
7775,Nation,artérialisation
7776,Nation,cogitation
7777,Nation,corporification
7778,Nation,thermisation
7779,Nation,constatation
7780,Nation,symbolisation
7781,Nation,oscillation
7782,Nation,innovation
7783,Nation,vacillation
7784,Nation,indentation
7785,Nation,stipulation
7786,Nation,miniaturisation
7787,Nation,dépolymérisation
7788,Nation,abréviation
7789,Nation,dramatisation
7790,Nation,ergotisation
7791,Nation,nanification
7792,Nation,damnation
7793,Nation,verdunisation
7794,Nation,calorifugation
7795,Nation,réclamation
7796,Nation,surélévation
7797,Nation,aliénation
7798,Nation,préaccentuation
7799,Nation,adjuration
7800,Nation,confirmation
7801,Nation,hépatisation
7802,Nation,familiarisation
7803,Nation,désamination
7804,Nation,documentation
7805,Nation,certification
7806,Nation,cléricalisation
7807,Nation,privation
7808,Nation,hyperimmunisation
7809,Nation,comburation
7810,Nation,détonation
7811,Nation,réinstauration
7812,Nation,créditation
7813,Nation,féodalisation
7814,Nation,recentration
7815,Nation,cybernétisation
7816,Nation,prégastrulation
7817,Nation,amplication
7818,Nation,désassimilation
7819,Nation,virtualisation
7820,Nation,réapplication
7821,Nation,lévitation
7822,Nation,réinfestation
7823,Nation,codification
7824,Nation,coopération
7825,Nation,estérification
7826,Nation,ammonisation
7827,Nation,migration
7828,Nation,validation
7829,Nation,pellétisation
7830,Nation,symétrisation
7831,Nation,télécommunication
7832,Nation,fréquentation
7833,Nation,machiavélisation
7834,Nation,aspiration
7835,Nation,phonétisation
7836,Nation,localisation
7837,Nation,frigorification
7838,Nation,médicalisation
7839,Nation,mercantilisation
7840,Nation,tintinnabulation
7841,Nation,réintronisation
7842,Nation,imagination
7843,Nation,attestation
7844,Nation,africanisation
7845,Nation,carbonatation
7846,Nation,bakélisation
7847,Nation,transistorisation
7848,Nation,catéchisation
7849,Nation,déforestation
7850,Nation,exploration
7851,Nation,démocratisation
7852,Nation,députation
7853,Nation,itération
7854,Nation,postsonorisation
7855,Nation,théâtralisation
7856,Nation,intimation
7857,Nation,dédramatisation
7858,Nation,réactivation
7859,Nation,nuanciation
7860,Nation,résignation
7861,Nation,gazéification
7862,Nation,subdélégation
7863,Nation,individuation
7864,Nation,maximisation
7865,Nation,trituration
7866,Nation,nullification
7867,Nation,théorisation
7868,Nation,ratification
7869,Nation,déblatération
7870,Nation,artificialisation
7871,Nation,constitutionnalisation
7872,Nation,monarchisation
7873,Nation,formalisation
7874,Nation,siccativation
7875,Nation,impaludation
7876,Nation,destination
7877,Nation,négrification
7878,Nation,substantivation
7879,Nation,imprégnation
7880,Nation,humanisation
7881,Nation,caractérisation
7882,Nation,christification
7883,Nation,spoliation
7884,Nation,fraternisation
7885,Nation,dévitalisation
7886,Nation,végétalisation
7887,Nation,hyperfiltration
7888,Nation,ambulation
7889,Nation,captivation
7890,Nation,déglutination
7891,Nation,écoutation
7892,Nation,notation
7893,Nation,désaffectation
7894,Nation,ibérisation
7895,Nation,pathétisation
7896,Nation,supervisation
7897,Nation,variation
7898,Nation,autopurification
7899,Nation,sclérification
7900,Nation,suscitation
7901,Nation,cultivation
7902,Nation,paupérisation
7903,Nation,personnification
7904,Nation,néologisation
7905,Nation,terrification
7906,Nation,starification
7907,Nation,évagation
7908,Nation,strangulation
7909,Nation,surinterprétation
7910,Nation,décivilisation
7911,Nation,incinération
7912,Nation,parlementation
7913,Nation,blastulation
7914,Nation,minorisation
7915,Nation,scolarisation
7916,Nation,jugulation
7917,Nation,suroxydation
7918,Nation,extirpation
7919,Nation,transanimation
7920,Nation,narrativisation
7921,Nation,victimation
7922,Nation,syphilisation
7923,Nation,tranquillisation
7924,Nation,solvatation
7925,Nation,gigantisation
7926,Nation,accommodation
7927,Nation,réincarcération
7928,Nation,extermination
7929,Nation,ironisation
7930,Nation,spéculation
7931,Nation,tarification
7932,Nation,démythification
7933,Nation,dégoûtation
7934,Nation,champagnisation
7935,Nation,déification
7936,Nation,revigoration
7937,Nation,déprogrammation
7938,Nation,réexamination
7939,Nation,annihilation
7940,Nation,hypersensibilisation
7941,Nation,estimation
7942,Nation,particularisation
7943,Nation,vinification
7944,Nation,préorganisation
7945,Nation,inhumation
7946,Nation,capitalisation
7947,Nation,citation
7948,Nation,fenestration
7949,Nation,coïtation
7950,Nation,minimation
7951,Nation,démystification
7952,Nation,réplication
7953,Nation,atténuation
7954,Nation,géométrisation
7955,Nation,aération
7956,Nation,anarchisation
7957,Nation,madérisation
7958,Nation,volcanisation
7959,Nation,dévitaminisation
7960,Nation,élimination
7961,Nation,homologation
7962,Nation,pagination
7963,Nation,prémédication
7964,Nation,hydrofugation
7965,Nation,nomadisation
7966,Nation,surspécialisation
7967,Nation,fornication
7968,Nation,exhumation
7969,Nation,réintégration
7970,Nation,appellation
7971,Nation,distanciation
7972,Nation,rogation
7973,Nation,supplémentation
7974,Nation,difformation
7975,Nation,pivotation
7976,Nation,transfiguration
7977,Nation,massification
7978,Nation,dénigration
7979,Nation,calculation
7980,Nation,alternation
7981,Nation,accentuation
7982,Nation,causation
7983,Nation,gyration
7984,Nation,humiliation
7985,Nation,historialisation
7986,Nation,suralimentation
7987,Nation,méditation
7988,Nation,gemination
7989,Nation,excogitation
7990,Nation,exonération
7991,Nation,régularisation
7992,Nation,expropriation
7993,Nation,relativisation
7994,Nation,insularisation
7995,Nation,internalisation
7996,Nation,estivation
7997,Nation,explication
7998,Nation,versification
7999,Nation,temporisation
8000,Nation,titularisation
8001,Nation,préincubation
8002,Nation,ponctualisation
8003,Nation,ionisation
8004,Nation,pronostication
8005,Nation,dialectalisation
8006,Nation,odorisation
8007,Nation,surcotation
8008,Nation,recalcification
8009,Nation,effémination
8010,Nation,israélisation
8011,Nation,colliquation
8012,Nation,sentimentalisation
8013,Nation,facturation
8014,Nation,républicanisation
8015,Nation,pendulation
8016,Nation,hébraïsation
8017,Nation,illation
8018,Nation,amélioration
8019,Nation,cédation
8020,Nation,dation
8021,Nation,réaccélération
8022,Nation,translitération
8023,Nation,micronisation
8024,Nation,station
8025,Nation,granification
8026,Nation,électrification
8027,Nation,chromatisation
8028,Nation,platination
8029,Nation,répertorisation
8030,Nation,admiration
8031,Nation,irroration
8032,Nation,stridulation
8033,Nation,signification
8034,Nation,vulgarisation
8035,Nation,relaxation
8036,Nation,lamentation
8037,Nation,carbonisation
8038,Nation,éructation
8039,Nation,salarisation
8040,Nation,anathématisation
8041,Nation,satellisation
8042,Nation,suraccélération
8043,Nation,prolification
8044,Nation,vernalisation
8045,Nation,déshabitation
8046,Nation,sédimentation
8047,Nation,dubitation
8048,Nation,cogénération
8049,Nation,désodorisation
8050,Nation,diésélisation
8051,Nation,rubrication
8052,Nation,déshydratation
8053,Nation,imploration
8054,Nation,hypercompensation
8055,Nation,mathématisation
8056,Nation,marsupialisation
8057,Nation,spécification
8058,Nation,cadavérisation
8059,Nation,rééquilibration
8060,Nation,sémitisation
8061,Nation,calcification
8062,Nation,vocalisation
8063,Nation,désargentation
8064,Nation,suralcoolisation
8065,Nation,angélisation
8066,Nation,relocation
8067,Nation,clavelisation
8068,Nation,confabulation
8069,Nation,probation
8070,Nation,marmorisation
8071,Nation,délation
8072,Nation,réopération
8073,Nation,bilinguisation
8074,Nation,surérogation
8075,Nation,raréfication
8076,Nation,renégociation
8077,Nation,exacerbation
8078,Nation,déphosphoration
8079,Nation,méthylation
8080,Nation,dénationalisation
8081,Nation,fragmentation
8082,Nation,divination
8083,Nation,acétylisation
8084,Nation,birbification
8085,Nation,déportation
8086,Nation,victimisation
8087,Nation,réévaluation
8088,Nation,acidulation
8089,Nation,confrontation
8090,Nation,subluxation
8091,Nation,rigidification
8092,Nation,perforation
8093,Nation,thématisation
8094,Nation,exhilaration
8095,Nation,nervuration
8096,Nation,surcapitalisation
8097,Nation,vibration
8098,Nation,bilocation
8099,Nation,désintégration
8100,Nation,absorbation
8101,Nation,incommodation
8102,Nation,incorporation
8103,Nation,commination
8104,Nation,transmodulation
8105,Nation,costumation
8106,Nation,préparation
8107,Nation,quartation
8108,Nation,surdétermination
8109,Nation,grammatisation
8110,Nation,superfétation
8111,Nation,dépravation
8112,Nation,fondation
8113,Nation,aseptisation
8114,Nation,prolongation
8115,Nation,stalinisation
8116,Nation,manuélisation
8117,Nation,émaciation
8118,Nation,hystérisation
8119,Nation,transpiration
8120,Nation,décarboxylation
8121,Nation,trivialisation
8122,Nation,complotation
8123,Nation,arithmétisation
8124,Nation,dragéification
8125,Nation,suburbanisation
8126,Nation,agrégation
8127,Nation,dénasalisation
8128,Nation,exfoliation
8129,Nation,déresponsabilisation
8130,Nation,anglicisation
8131,Nation,notarisation
8132,Nation,réhumectation
8133,Nation,réfutation
8134,Nation,acceptation
8135,Nation,évocation
8136,Nation,autotransplantation
8137,Nation,pondération
8138,Nation,formation
8139,Nation,inanimation
8140,Nation,continentalisation
8141,Nation,foliotation
8142,Nation,énarration
8143,Nation,commensuration
8144,Nation,granitisation
8145,Nation,graduation
8146,Nation,transmutation
8147,Nation,jubilation
8148,Nation,académisation
8149,Nation,domification
8150,Nation,fluorisation
8151,Nation,brutalisation
8152,Nation,translittération
8153,Nation,excitation
8154,Nation,féminisation
8155,Nation,péritonisation
8156,Nation,prosternation
8157,Nation,titillation
8158,Nation,martyrisation
8159,Nation,recristallisation
8160,Nation,fédéralisation
8161,Nation,simonization
8162,Nation,intériorisation
8163,Nation,bituminisation
8164,Nation,calibration
8165,Nation,chrysalidation
8166,Nation,titration
8167,Nation,accusation
8168,Nation,arénation
8169,Nation,iconisation
8170,Nation,parenthétisation
8171,Nation,équilibration
8172,Nation,dessaisonalisation
8173,Nation,condimentation
8174,Nation,alcoolisation
8175,Nation,procuration
8176,Nation,coloration
8177,Nation,enrégimentation
8178,Nation,microlithisation
8179,Nation,incarcération
8180,Nation,défibrillation
8181,Nation,aviation
8182,Nation,population
8183,Nation,latinisation
8184,Nation,simplification
8185,Nation,numérotation
8186,Nation,prégermination
8187,Nation,revaccination
8188,Nation,suffocation
8189,Nation,taylorisation
8190,Nation,métamorphisation
8191,Nation,consommation
8192,Nation,hallucination
8193,Nation,carburation
8194,Nation,admonestation
8195,Nation,trépidation
8196,Nation,insolubilisation
8197,Nation,printanisation
8198,Nation,exorcisation
8199,Nation,incubation
8200,Nation,hivernation
8201,Nation,masturbation
8202,Nation,vitaminisation
8203,Nation,éducation
8204,Nation,structuration
8205,Nation,maximalisation
8206,Nation,malaxation
8207,Nation,corporisation
8208,Nation,habitation
8209,Nation,réexportation
8210,Nation,administration
8211,Nation,escarrification
8212,Nation,silicification
8213,Nation,tuberculisation
8214,Nation,revalidation
8215,Nation,rapatriation
8216,Nation,survalorisation
8217,Nation,palatalisation
8218,Nation,scorification
8219,Nation,périodisation
8220,Nation,pérennisation
8221,Nation,églomisation
8222,Nation,celation
8223,Nation,conglomération
8224,Nation,hybridation
8225,Nation,incrémentation
8226,Nation,coprécipitation
8227,Nation,rotation
8228,Nation,prémutation
8229,Nation,notification
8230,Nation,nitration
8231,Nation,décollation
8232,Nation,désexcitation
8233,Nation,déflagration
8234,Nation,salutation
8235,Nation,licenciation
8236,Nation,enculation
8237,Nation,diabolisation
8238,Nation,trucidation
8239,Nation,cautérisation
8240,Nation,dénotation
8241,Nation,dépersonnalisation
8242,Nation,péjoration
8243,Nation,rémunération
8244,Nation,chosification
8245,Nation,diversification
8246,Nation,cessation
8247,Nation,préréfrigération
8248,Nation,prussianisation
8249,Nation,implantation
8250,Nation,perpétration
8251,Nation,perspiration
8252,Nation,épimérisation
8253,Nation,anodisation
8254,Nation,exténuation
8255,Nation,réinterprétation
8256,Nation,flottation
8257,Nation,percolation
8258,Nation,récupération
8259,Nation,urination
8260,Nation,dénaturalisation
8261,Nation,infatuation
8262,Nation,berbérisation
8263,Nation,réimperméabilisation
8264,Nation,domestication
8265,Nation,transillumination
8266,Nation,décompensation
8267,Nation,reprogrammation
8268,Nation,lacération
8269,Nation,distillation
8270,Nation,perturbation
8271,Nation,satanisation
8272,Nation,cardinalisation
8273,Nation,dégurgitation
8274,Nation,irritation
8275,Nation,minéralisation
8276,Nation,baronification
8277,Nation,claustration
8278,Nation,températion
8279,Nation,nasalisation
8280,Nation,décartellisation
8281,Nation,insécurisation
8282,Nation,topicalisation
8283,Nation,vivification
8284,Nation,palification
8285,Nation,ombilication
8286,Nation,vitriolisation
8287,Nation,inculcation
8288,Nation,colportation
8289,Nation,dilacération
8290,Nation,mutilation
8291,Nation,éternisation
8292,Nation,désagrégation
8293,Nation,édification
8294,Nation,commentation
8295,Nation,exorbitation
8296,Nation,mythification
8297,Nation,barbification
8298,Nation,duplication
8299,Nation,indemnisation
8300,Nation,déconsidération
8301,Nation,délignification
8302,Nation,négativation
8303,Nation,texturisation
8304,Nation,impatronisation
8305,Nation,exportation
8306,Nation,carnisation
8307,Nation,isomérisation
8308,Nation,hyperpigmentation
8309,Nation,harmonisation
8310,Nation,stigmatisation
8311,Nation,immortalisation
8312,Nation,floculation
8313,Nation,digitalisation
8314,Nation,micromanipulation
8315,Nation,qualification
8316,Nation,visitation
8317,Nation,réactualisation
8318,Nation,importation
8319,Nation,racémisation
8320,Nation,conglomératisation
8321,Nation,éventration
8322,Nation,indifférenciation
8323,Nation,ossification
8324,Nation,fluoration
8325,Nation,frustration
8326,Nation,dollarisation
8327,Nation,mobilisation
8328,Nation,salivation
8329,Nation,collation
8330,Nation,évaluation
8331,Nation,gemmation
8332,Nation,légalisation
8333,Nation,désinformation
8334,Nation,concentration
8335,Nation,ozonation
8336,Nation,prédomination
8337,Nation,surcompensation
8338,Nation,autoconservation
8339,Nation,stabilisation
8340,Nation,ondulation
8341,Nation,complication
8342,Nation,délectation
8343,Nation,exclamation
8344,Nation,inculpation
8345,Nation,spiritualisation
8346,Nation,démyélinisation
8347,Nation,infibulation
8348,Nation,avalisation
8349,Nation,iodation
8350,Nation,dessication
8351,Nation,classification
8352,Nation,dotation
8353,Nation,prédetermination
8354,Nation,prophétisation
8355,Nation,réimportation
8356,Nation,décaféination
8357,Nation,génération
8358,Nation,fossilisation
8359,Nation,installation
8360,Nation,intitulation
8361,Nation,malversation
8362,Nation,déprolétarisation
8363,Nation,lapidation
8364,Nation,abdication
8365,Nation,antidatation
8366,Nation,parchemination
8367,Nation,consternation
8368,Nation,tergiversation
8369,Nation,désoperculation
8370,Nation,impactation
8371,Nation,nazification
8372,Nation,hispanisation
8373,Nation,aggravation
8374,Nation,cantonalisation
8375,Nation,historisation
8376,Nation,augmentation
8377,Nation,autohypnotisation
8378,Nation,désaltération
8379,Nation,clarification
8380,Nation,graticulation
8381,Nation,instauration
8382,Nation,multiplication
8383,Nation,pullulation
8384,Nation,autorégulation
8385,Nation,retiration
8386,Nation,réordination
8387,Nation,transportation
8388,Nation,surestimation
8389,Nation,défoliation
8390,Nation,déshydrogénation
8391,Nation,idiotification
8392,Nation,modération
8393,Nation,pétrification
8394,Nation,thermorégulation
8395,Nation,confédération
8396,Nation,fascination
8397,Nation,réaffirmation
8398,Nation,consultation
8399,Nation,affabulation
8400,Nation,expurgation
8401,Nation,industrialisation
8402,Nation,épidermisation
8403,Nation,maximation
8404,Nation,incitation
8405,Nation,trifurcation
8406,Nation,prosaïsation
8407,Nation,renomination
8408,Nation,épithétisation
8409,Nation,radiation
8410,Nation,baroquisation
8411,Nation,obligation
8412,Nation,disqualification
8413,Nation,déglaciation
8414,Nation,éradication
8415,Nation,mutation
8416,Nation,réoxygénation
8417,Nation,passéification
8418,Nation,déshumanisation
8419,Nation,asiatisation
8420,Nation,carbonation
8421,Nation,végétation
8422,Nation,déambulation
8423,Nation,délinéation
8424,Nation,vocation
8425,Nation,interpénétration
8426,Nation,chaptalisation
8427,Nation,assignation
8428,Nation,élaboration
8429,Nation,décrépitation
8430,Nation,sacrification
8431,Nation,technisation
8432,Nation,appropriation
8433,Nation,éploration
8434,Nation,coaptation
8435,Nation,sinisation
8436,Nation,starisation
8437,Nation,vacuolisation
8438,Nation,situation
8439,Nation,abomination
8440,Nation,vulnération
8441,Nation,accumulation
8442,Nation,législation
8443,Nation,réacclimatation
8444,Nation,émigration
8445,Nation,dépolarisation
8446,Nation,intoxication
8447,Nation,fistulisation
8448,Nation,dépigmentation
8449,Nation,mécanisation
8450,Nation,dilatation
8451,Nation,détestation
8452,Nation,condensation
8453,Nation,musication
8454,Nation,aromatisation
8455,Nation,acculturation
8456,Nation,sécuritisation
8457,Nation,surnaturalisation
8458,Nation,désurbanisation
8459,Nation,exécration
8460,Nation,dévirilisation
8461,Nation,déséquilibration
8462,Nation,probabilisation
8463,Nation,journalisation
8464,Nation,mellification
8465,Nation,constipation
8466,Nation,éthérification
8467,Nation,déshabituation
8468,Nation,calorification
8469,Nation,dénomination
8470,Nation,thermocautérisation
8471,Nation,surmaturation
8472,Nation,révolvérisation
8473,Nation,sudation
8474,Nation,ordination
8475,Nation,coaltarisation
8476,Nation,démonisation
8477,Nation,silicatisation
8478,Nation,préchloration
8479,Nation,hypnotisation
8480,Nation,démilitarisation
8481,Nation,transsubstantiation
8482,Nation,oration
8483,Nation,immunisation
8484,Nation,globalisation
8485,Nation,allégorisation
8486,Nation,désintoxication
8487,Nation,triangulation
8488,Nation,fulguration
8489,Nation,confiscation
8490,Nation,pénétration
8491,Nation,réalimentation
8492,Nation,castigation
8493,Nation,ostracisation
8494,Nation,décortication
8495,Nation,truellisation
8496,Nation,indétermination
8497,Nation,indication
8498,Nation,désambiguïsation
8499,Nation,réexploitation
8500,Nation,répudiation
8501,Nation,affrontation
8502,Nation,dématérialisation
8503,Nation,lemmatisation
8504,Nation,réorganisation
8505,Nation,recréation
8506,Nation,détribalisation
8507,Nation,dolomitisation
8508,Nation,pulvérisation
8509,Nation,grégarisation
8510,Nation,instrumentation
8511,Nation,appréciation
8512,Nation,réédification
8513,Nation,budgétisation
8514,Nation,kaolinisation
8515,Nation,polyploïdisation
8516,Nation,surexploitation
8517,Nation,arrestation
8518,Nation,grammaticalisation
8519,Nation,pactisation
8520,Nation,banalisation
8521,Nation,anormalisation
8522,Nation,conspiration
8523,Nation,fustigation
8524,Nation,déréglementation
8525,Nation,remédiation
8526,Nation,désertification
8527,Nation,pressuration
8528,Nation,constitutionalisation
8529,Nation,azoturation
8530,Nation,diagonalisation
8531,Nation,érotisation
8532,Nation,personnalisation
8533,Nation,humectation
8534,Nation,observation
8535,Nation,malléabilisation
8536,Nation,pérégrination
8537,Nation,décentralisation
8538,Nation,habilitation
8539,Nation,codétermination
8540,Nation,désulfuration
8541,Nation,galvanisation
8542,Nation,assimilation
8543,Nation,datation
8544,Nation,inventorisation
8545,Nation,aciération
8546,Nation,préfabrication
8547,Nation,réinstallation
8548,Nation,dégénération
8549,Nation,préaccélération
8550,Nation,déprovincialisation
8551,Nation,défibration
8552,Nation,euphorisation
8553,Nation,surreprésentation
8554,Nation,oralisation
8555,Nation,centrifugation
8556,Nation,intronisation
8557,Nation,publication
8558,Nation,docilisation
8559,Nation,bolchevisation
8560,Nation,dénudation
8561,Nation,honoration
8562,Nation,remotivation
8563,Nation,décléricalisation
8564,Nation,gélatinisation
8565,Nation,javellisation
8566,Nation,dignification
8567,Nation,surhybridation
8568,Nation,dépoétisation
8569,Nation,thermostatisation
8570,Nation,interrogation
8571,Nation,délibération
8572,Nation,bipolarisation
8573,Nation,covariation
8574,Nation,réorchestration
8575,Nation,hydrophilisation
8576,Nation,consignation
8577,Nation,détermination
8578,Nation,fragilisation
8579,Nation,parcellisation
8580,Nation,humidification
8581,Nation,vitupération
8582,Nation,déconsignation
8583,Nation,sidération
8584,Nation,réalisation
8585,Nation,filtration
8586,Nation,postdatation
8587,Nation,récalcitration
8588,Nation,ratiocination
8589,Nation,dessillation
8590,Nation,décarbonisation
8591,Nation,sommation
8592,Nation,intentionnalisation
8593,Nation,solvation
8594,Nation,titrisation
8595,Nation,dichotomisation
8596,Nation,respiration
8597,Nation,imperméabilisation
8598,Nation,cannibalisation
8599,Nation,balnéation
8600,Nation,solidarisation
8601,Nation,typification
8602,Nation,résination
8603,Nation,factorisation
8604,Nation,cosmisation
8605,Nation,réticulation
8606,Nation,émulation
8607,Nation,nuncupation
8608,Nation,texturation
8609,Nation,pénalisation
8610,Nation,désolidarisation
8611,Nation,élicitation
8612,Nation,curation
8613,Nation,foration
8614,Nation,procrastination
8615,Nation,cokification
8616,Nation,fonctionnarisation
8617,Nation,régulation
8618,Nation,décantation
8619,Nation,schistification
8620,Nation,décommunisation
8621,Nation,saltation
8622,Nation,antagonisation
8623,Nation,trémulation
8624,Nation,civilisation
8625,Nation,fulmination
8626,Nation,statufication
8627,Nation,révération
8628,Nation,gadgétisation
8629,Nation,coordination
8630,Nation,organisation
8631,Nation,protestantisation
8632,Nation,éthérisation
8633,Nation,indianisation
8634,Nation,oxydation
8635,Nation,lamination
8636,Nation,subornation
8637,Nation,débellation
8638,Nation,électrisation
8639,Nation,culpabilisation
8640,Nation,extériorisation
8641,Nation,compénétration
8642,Nation,autoéducation
8643,Nation,figuration
8644,Nation,apuration
8645,Nation,inspiration
8646,Nation,capitulation
8647,Nation,caricaturisation
8648,Nation,opération
8649,Nation,scrutation
8650,Nation,subordination
8651,Nation,provençalisation
8652,Nation,préformation
8653,Nation,solennisation
8654,Nation,diaphanisation
8655,Nation,dissémination
8656,Nation,silicatation
8657,Nation,négociation
8658,Nation,médiatisation
8659,Nation,vassalisation
8660,Nation,syllabation
8661,Nation,démarcation
8662,Nation,sursaturation
8663,Nation,disputation
8664,Nation,amputation
8665,Nation,abjuration
8666,Nation,cimentation
8667,Nation,accréditation
8668,Nation,félicitation
8669,Nation,défenestration
8670,Nation,thermostation
8671,Nation,stimulation
8672,Nation,bonification
8673,Nation,incération
8674,Nation,présentation
8675,Nation,réduplication
8676,Nation,exemplification
8677,Nation,fluidification
8678,Nation,centralisation
8679,Nation,inauguration
8680,Nation,déstabilisation
8681,Nation,hypopigmentation
8682,Nation,surgélation
8683,Nation,élévation
8684,Nation,stylisation
8685,Nation,exemplarisation
8686,Nation,réhumidification
8687,Nation,aldolisation
8688,Nation,dégradation
8689,Nation,acclimatation
8690,Nation,transplantation
8691,Nation,supériorisation
8692,Nation,surcoloration
8693,Nation,atropinisation
8694,Nation,mésinterprétation
8695,Nation,vertébration
8696,Nation,propagation
8697,Nation,canonisation
8698,Nation,sédentarisation
8699,Nation,réinvitation
8700,Nation,légitimation
8701,Nation,parkérisation
8702,Nation,déféminisation
8703,Nation,volatilisation
8704,Nation,microminiaturisation
8705,Nation,narration
8706,Nation,réadaptation
8707,Nation,bestialisation
8708,Nation,réincorporation
8709,Nation,prestation
8710,Nation,palliation
8711,Nation,algébrisation
8712,Nation,fluctuation
8713,Nation,sexualisation
8714,Nation,démobilisation
8715,Nation,vénération
8716,Nation,connotation
8717,Nation,dynamisation
8718,Nation,remodélation
8719,Nation,rectification
8720,Nation,mésestimation
8721,Nation,translocation
8722,Nation,nivellation
8723,Nation,autoélectrisation
8724,Nation,proverbialisation
8725,Nation,curarisation
8726,Nation,coloriation
8727,Nation,sponsorisation
8728,Nation,vaporisation
8729,Nation,dissertation
8730,Nation,désaimantation
8731,Nation,intrication
8732,Nation,insensibilisation
8733,Nation,égalisation
8734,Nation,décomplication
8735,Nation,paralysation
8736,Nation,explicitation
8737,Nation,cadastration
8738,Nation,renonciation
8739,Nation,dérivation
8740,Nation,coéducation
8741,Nation,héroïsation
8742,Nation,épellation
8743,Nation,supputation
8744,Nation,ruralisation
8745,Nation,dénébulation
8746,Nation,allocation
8747,Nation,nomination
8748,Nation,cotisation
8749,Nation,nitruration
8750,Nation,poétisation
8751,Nation,démultiplication
8752,Nation,dénivélation
8753,Nation,décarbonatation
8754,Nation,simulation
8755,Nation,surféminisation
8756,Nation,exoration
8757,Nation,motorisation
8758,Nation,actualisation
8759,Nation,conglobation
8760,Nation,prélibation
8761,Nation,complémentation
8762,Nation,annonciation
8763,Nation,détoxication
8764,Nation,lobotomisation
8765,Nation,présonorisation
8766,Nation,médiation
8767,Nation,initiation
8768,Nation,proclamation
8769,Nation,clochardisation
8770,Nation,crétinisation
8771,Nation,chloruration
8772,Nation,modulation
8773,Nation,lignification
8774,Nation,circulation
8775,Nation,informatisation
8776,Nation,zéolitisation
8777,Nation,musicalisation
8778,Nation,mondialisation
8779,Nation,candisation
8780,Nation,reminéralisation
8781,Nation,stagnation
8782,Nation,animalisation
8783,Nation,cartellisation
8784,Nation,activation
8785,Nation,conservation
8786,Nation,désoccupation
8787,Nation,éventation
8788,Nation,luxation
8789,Nation,endoctrination
8790,Nation,radicalisation
8791,Nation,macadamisation
8792,Nation,vélarisation
8793,Nation,horripilation
8794,Nation,dissécation
8795,Nation,expectation
8796,Nation,hellénisation
8797,Nation,assermentation
8798,Nation,recondamnation
8799,Nation,confortation
8800,Nation,translation
8801,Nation,élagation
8802,Nation,phosphorisation
8803,Nation,institutionalisation
8804,Nation,canalisation
8805,Nation,consumation
8806,Nation,location
8807,Nation,articulation
8808,Nation,ductilisation
8809,Nation,urbanisation
8810,Nation,marginalisation
8811,Nation,hiérarchisation
8812,Nation,navigation
8813,Nation,momification
8814,Nation,resituation
8815,Nation,essentialisation
8816,Nation,labialisation
8817,Nation,singularisation
8818,Nation,enflammation
8819,Nation,inchoation
8820,Nation,fellation
8821,Nation,domanialisation
8822,Nation,abrogation
8823,Nation,contestation
8824,Nation,immatriculation
8825,Nation,désincrustation
8826,Nation,revascularisation
8827,Nation,autovalorisation
8828,Nation,savouration
8829,Nation,pharyngalisation
8830,Nation,licitation
8831,Nation,détrônation
8832,Nation,participation
8833,Nation,totalisation
8834,Nation,interpellation
8835,Nation,hibernation
8836,Nation,mémorisation
8837,Nation,odoration
8838,Nation,irradiation
8839,Nation,télévisualisation
8840,Nation,manuellisation
8841,Nation,coupellation
8842,Nation,renégation
8843,Nation,sacralisation
8844,Nation,centonisation
8845,Nation,magyarisation
8846,Nation,médiocrisation
8847,Nation,persévération
8848,Nation,contre-passation
8849,Nation,lixiviation
8850,Nation,démotivation
8851,Nation,admonétation
8852,Nation,corporation
8853,Nation,autoconsommation
8854,Nation,cémentation
8855,Nation,prorogation
8856,Nation,bémolisation
8857,Nation,glorification
8858,Nation,crispation
8859,Nation,polycondensation
8860,Nation,remastication
8861,Nation,cognation
8862,Nation,complantation
8863,Nation,continuation
8864,Nation,délabialisation
8865,Nation,immortification
8866,Nation,mentalisation
8867,Nation,corrodation
8868,Nation,désindividualisation
8869,Nation,désorientation
8870,Nation,démantibulation
8871,Nation,extrapolation
8872,Nation,inactivation
8873,Nation,obnubilation
8874,Nation,repénétration
8875,Nation,américanisation
8876,Nation,agglutination
8877,Nation,prédétermination
8878,Nation,réunification
8879,Nation,créolisation
8880,Nation,compilation
8881,Nation,comptabilisation
8882,Nation,embarcation
8883,Nation,assumation
8884,Nation,imputation
8885,Nation,prononciation
8886,Nation,sectorisation
8887,Nation,tabouisation
8888,Nation,fécondation
8889,Nation,hébétation
8890,Nation,illutation
8891,Nation,émancipation
8892,Nation,transcréation
8893,Nation,éjaculation
8894,Nation,fertilisation
8895,Nation,retardation
8896,Nation,vascularisation
8897,Nation,dénégation
8898,Nation,athéisation
8899,Nation,professionnalisation
8900,Nation,mastication
8901,Nation,chromisation
8902,Nation,germination
8903,Nation,déconsécration
8904,Nation,permutation
8905,Nation,ovulation
8906,Nation,thésaurisation
8907,Nation,récrimination
8908,Nation,postsynchronisation
8909,Nation,relégation
8910,Nation,hominisation
8911,Nation,normation
8912,Nation,substantation
8913,Nation,redistillation
8914,Nation,réévocation
8915,Nation,désorbitation
8916,Nation,dilapidation
8917,Nation,syncristallisation
8918,Nation,syntonisation
8919,Nation,conversation
8920,Nation,fidélisation
8921,Nation,remobilisation
8922,Nation,idéalisation
8923,Nation,alimentation
8924,Nation,cutinisation
8925,Nation,discrimination
8926,Nation,allitération
8927,Nation,météorisation
8928,Nation,improbation
8929,Nation,vietnamisation
8930,Nation,correctionnalisation
8931,Nation,culturalisation
8932,Nation,tractation
8933,Nation,judaïsation
8934,Nation,irrigation
8935,Nation,mensualisation
8936,Nation,stérilisation
8937,Nation,basification
8938,Nation,circonstanciation
8939,Nation,finalisation
8940,Nation,minoration
8941,Nation,esthétisation
8942,Nation,objurgation
8943,Nation,tyndallisation
8944,Nation,libération
8945,Nation,rénovation
8946,Nation,tuberculination
8947,Nation,maternisation
8948,Nation,ostentation
8949,Nation,infectation
8950,Nation,innervation
8951,Nation,sulfinisation
8952,Nation,désintellectualisation
8953,Nation,récréation
8954,Nation,adjectivation
8955,Nation,reconfirmation
8956,Nation,phosphorylation
8957,Nation,désaffiliation
8958,Nation,nébulisation
8959,Nation,bêtification
8960,Nation,systématisation
8961,Nation,ultracentrifugation
8962,Nation,autorisation
8963,Nation,immobilisation
8964,Nation,immolation
8965,Nation,responsabilisation
8966,Nation,alcoylation
8967,Nation,corroboration
8968,Nation,affectation
8969,Nation,vedettarisation
8970,Nation,motivation
8971,Nation,dépréciation
8972,Nation,solmisation
8973,Nation,récapitulation
8974,Nation,architecturation
8975,Nation,perprétation
8976,Nation,magnétisation
8977,Nation,colorisation
8978,Nation,défavorisation
8979,Nation,fixation
8980,Nation,application
8981,Nation,nucléarisation
8982,Nation,surinformation
8983,Nation,cathétérisation
8984,Nation,défloration
8985,Nation,décarnisation
8986,Nation,expiration
8987,Nation,syllabisation
8988,Nation,chloration
8989,Nation,saccharification
8990,Nation,ablation
8991,Nation,sublimation
8992,Nation,nitratation
8993,Nation,adulation
8994,Nation,électronisation
8995,Nation,passation
8996,Nation,altération
8997,Nation,pulpation
8998,Nation,reprécipitation
8999,Nation,ridiculisation
9000,Nation,concertation
9001,Nation,flirtation
9002,Nation,décarburation
9003,Nation,unification
9004,Nation,dénitrification
9005,Nation,moralisation
9006,Nation,alcalinisation
9007,Nation,subtilisation
9008,Nation,excentration
9009,Nation,achromatisation
9010,Nation,énonciation
9011,Nation,dépuration
9012,Nation,pronation
9013,Nation,photocoagulation
9014,Nation,mithridatisation
9015,Nation,voyellation
9016,Nation,intimidation
9017,Nation,objectivation
9018,Nation,séparation
9019,Nation,accélération
9020,Nation,réutilisation
9021,Nation,compactation
9022,Nation,immédiatisation
9023,Nation,lichénification
9024,Nation,préméditation
9025,Nation,polonisation
9026,Nation,dépopularisation
9027,Nation,déclassification
9028,Nation,subjectivation
9029,Nation,empilation
9030,Nation,islamisation
9031,Nation,tentation
9032,Nation,alcalisation
9033,Nation,émanation
9034,Nation,commutation
9035,Nation,futilisation
9036,Nation,rééducation
9037,Nation,surconsommation
9038,Nation,décimalisation
9039,Nation,hésitation
9040,Nation,reformation
9041,Nation,monétisation
9042,Nation,gélation
9043,Nation,effectuation
9044,Nation,hyperbolisation
9045,Nation,médullisation
9046,Nation,méditerranéisation
9047,Nation,mortification
9048,Nation,matérialisation
9049,Nation,prolifération
9050,Nation,décongélation
9051,Nation,climatisation
9052,Nation,politisation
9053,Nation,fissuration
9054,Nation,réservation
9055,Nation,sophistication
9056,Nation,tétanisation
9057,Nation,convocation
9058,Nation,ulcération
9059,Nation,dialectisation
9060,Nation,radarisation
9061,Nation,défécation
9062,Nation,dénaturation
9063,Nation,départementalisation
9064,Nation,refortification
9065,Nation,dévagination
9066,Nation,agglomération
9067,Nation,individualisation
9068,Nation,possibilisation
9069,Nation,différentiation
9070,Nation,déplantation
9071,Nation,dépolitisation
9072,Nation,sursimulation
9073,Nation,véhiculation
9074,Nation,modernisation
9075,Nation,éviscération
9076,Nation,réaspiration
9077,Nation,renormalisation
9078,Nation,télésignalisation
9079,Nation,autoaccusation
9080,Nation,commémoration
9081,Nation,surpopulation
9082,Nation,précoordination
9083,Nation,démasculinisation
9084,Nation,malléination
9085,Nation,vitalisation
9086,Nation,expatriation
9087,Nation,surévaluation
9088,Nation,propitiation
9089,Nation,imprécation
9090,Nation,désincarnation
9091,Nation,homosexualisation
9092,Nation,fétichisation
9093,Nation,fonctionnalisation
9094,Nation,romantisation
9095,Nation,littératurisation
9096,Nation,décoration
9097,Nation,vaticination
9098,Nation,recatégorisation
9099,Nation,formulation
9100,Nation,hospitalisation
9101,Nation,optation
9102,Nation,mémoration
9103,Nation,européisation
9104,Nation,inféodation
9105,Nation,mollification
9106,Nation,reptation
9107,Nation,lubrification
9108,Nation,désétatisation
9109,Nation,crétification
9110,Nation,universalisation
9111,Nation,équitation
9112,Nation,purification
9113,Nation,italianisation
9114,Nation,défalcation
9115,Nation,déstalinisation
9116,Nation,démonstration
9117,Nation,assibilation
9118,Nation,dénonciation
9119,Nation,cotation
9120,Nation,dissociation
9121,Nation,numération
9122,Nation,usurpation
9123,Nation,déséducation
9124,Nation,laïcisation
9125,Nation,désinfectation
9126,Nation,guignolisation
9127,Nation,séquenciation
9128,Nation,détaxation
9129,Nation,décérébration
9130,Nation,logicisation
9131,Nation,démythisation
9132,Nation,nitrification
9133,Nation,dogmatisation
9134,Nation,rugination
9135,Nation,désynchronisation
9136,Nation,offuscation
9137,Nation,ontologisation
9138,Nation,réharmonisation
9139,Nation,généralisation
9140,Nation,délimitation
9141,Nation,antiseptisation
9142,Nation,gauchisation
9143,Nation,réfrigération
9144,Nation,protestation
9145,Nation,surfacturation
9146,Nation,automutilation
9147,Nation,exponctuation
9148,Nation,délégation
9149,Nation,gratification
9150,Nation,ovalisation
9151,Nation,réverbération
9152,Nation,desquamation
9153,Nation,tunisification
9154,Nation,perduration
9155,Nation,arbitration
9156,Nation,porphyrisation
9157,Nation,salpêtrisation
9158,Nation,chloroformisation
9159,Nation,déchristianisation
9160,Nation,dénivellation
9161,Nation,déstructuration
9162,Nation,dislocation
9163,Nation,temporalisation
9164,Nation,désactivation
9165,Nation,collaboration
9166,Nation,méridionalisation
9167,Nation,containerisation
9168,Nation,dépénalisation
9169,Nation,décapitalisation
9170,Nation,spectacularisation
9171,Nation,déréalisation
9172,Nation,refabrication
9173,Nation,substantification
9174,Nation,dépressurisation
9175,Nation,désaliénation
9176,Nation,dissimulation
9177,Nation,idéologisation
9178,Nation,christianisation
9179,Nation,annotation
9180,Nation,médicamentation
9181,Nation,planétisation
9182,Nation,cérébralisation
9183,Nation,incarnation
9184,Ver,pervertir
9185,Ver,affadir
9186,Ver,empuantir
9187,Ver,infléchir
9188,Ver,trahir
9189,Ver,superfinir
9190,Ver,débrutir
9191,Ver,pressentir
9192,Ver,attiédir
9193,Ver,ébahir
9194,Ver,raccourcir
9195,Ver,écrouir
9196,Ver,accomplir
9197,Ver,repolir
9198,Ver,gésir
9199,Ver,enlaidir
9200,Ver,tenir
9201,Ver,blanchir
9202,Ver,péritélévoir
9203,Ver,barrir
9204,Ver,endolorir
9205,Ver,amerrir
9206,Ver,interagir
9207,Ver,mûrir
9208,Ver,dépolir
9209,Ver,éjouir
9210,Ver,revenir
9211,Ver,guérir
9212,Ver,rétrécir
9213,Ver,agrandir
9214,Ver,subdivoir
9215,Ver,dessaisir
9216,Ver,assaillir
9217,Ver,affolir
9218,Ver,ragaillardir
9219,Ver,rougir
9220,Ver,ramollir
9221,Ver,maintenir
9222,Ver,réussir
9223,Ver,redécouvrir
9224,Ver,alourdir
9225,Ver,réobtenir
9226,Ver,envahir
9227,Ver,dégrossir
9228,Ver,refleurir
9229,Ver,punir
9230,Ver,recrépir
9231,Ver,lotir
9232,Ver,préétablir
9233,Ver,réinvestir
9234,Ver,tressaillir
9235,Ver,partir
9236,Ver,pétrir
9237,Ver,revoir
9238,Ver,appesantir
9239,Ver,fournir
9240,Ver,rabougrir
9241,Ver,assainir
9242,Ver,abasourdir
9243,Ver,entrevoir
9244,Ver,sertir
9245,Ver,flétrir
9246,Ver,adoucir
9247,Ver,désobéir
9248,Ver,fléchir
9249,Ver,obtenir
9250,Ver,dépérir
9251,Ver,reconquérir
9252,Ver,nantir
9253,Ver,subvertir
9254,Ver,comparoir
9255,Ver,saurir
9256,Ver,abroutir
9257,Ver,assouvir
9258,Ver,fouir
9259,Ver,déglutir
9260,Ver,mouvoir
9261,Ver,concevoir
9262,Ver,faiblir
9263,Ver,jaillir
9264,Ver,abâtardir
9265,Ver,défraîchir
9266,Ver,équarrir
9267,Ver,couvrir
9268,Ver,choir
9269,Ver,ahurir
9270,Ver,secourir
9271,Ver,rondir
9272,Ver,resurgir
9273,Ver,munir
9274,Ver,appauvrir
9275,Ver,survenir
9276,Ver,ressaisir
9277,Ver,démunir
9278,Ver,pourrir
9279,Ver,saillir
9280,Ver,retenir
9281,Ver,asseoir
9282,Ver,définir
9283,Ver,gravir
9284,Ver,mugir
9285,Ver,intervenir
9286,Ver,raplatir
9287,Ver,bêtir
9288,Ver,rétroagir
9289,Ver,rélargir
9290,Ver,rouir
9291,Ver,ensevelir
9292,Ver,retentir
9293,Ver,surseoir
9294,Ver,languir
9295,Ver,raboutir
9296,Ver,détenir
9297,Ver,refroidir
9298,Ver,rendormir
9299,Ver,déguerpir
9300,Ver,ternir
9301,Ver,engourdir
9302,Ver,abrutir
9303,Ver,accueillir
9304,Ver,nourrir
9305,Ver,avilir
9306,Ver,seoir
9307,Ver,évanouir
9308,Ver,enfouir
9309,Ver,périr
9310,Ver,amaigrir
9311,Ver,tarir
9312,Ver,décevoir
9313,Ver,surgir
9314,Ver,attendrir
9315,Ver,durcir
9316,Ver,verdir
9317,Ver,éblouir
9318,Ver,repartir
9319,Ver,rejaillir
9320,Ver,survêtir
9321,Ver,blondir
9322,Ver,serfouir
9323,Ver,réjouir
9324,Ver,dégarnir
9325,Ver,promouvoir
9326,Ver,convertir
9327,Ver,recourir
9328,Ver,s'abstenir
9329,Ver,croupir
9330,Ver,blottir
9331,Ver,amollir
9332,Ver,bâtir
9333,Ver,vêtir
9334,Ver,alanguir
9335,Ver,franchir
9336,Ver,rebondir
9337,Ver,bleuir
9338,Ver,renformir
9339,Ver,chérir
9340,Ver,démentir
9341,Ver,reverdir
9342,Ver,ébaubir
9343,Ver,agir
9344,Ver,recevoir
9345,Ver,apercevoir
9346,Ver,regarnir
9347,Ver,démaigrir
9348,Ver,rebouillir
9349,Ver,aplatir
9350,Ver,servir
9351,Ver,vomir
9352,Ver,ameublir
9353,Ver,désépaissir
9354,Ver,accourcir
9355,Ver,ouvrir
9356,Ver,enquérir
9357,Ver,glapir
9358,Ver,mourir
9359,Ver,courir
9360,Ver,rétablir
9361,Ver,repentir
9362,Ver,ennoblir
9363,Ver,saisir
9364,Ver,embellir
9365,Ver,roidir
9366,Ver,enorgueillir
9367,Ver,assortir
9368,Ver,circonvenir
9369,Ver,bouillir
9370,Ver,engloutir
9371,Ver,invertir
9372,Ver,avachir
9373,Ver,réchampir
9374,Ver,regaillardir
9375,Ver,finir
9376,Ver,ourdir
9377,Ver,anoblir
9378,Ver,désengourdir
9379,Ver,alunir
9380,Ver,roussir
9381,Ver,établir
9382,Ver,mégir
9383,Ver,avenir
9384,Ver,épanouir
9385,Ver,dévernir
9386,Ver,ravir
9387,Ver,applaudir
9388,Ver,acquérir
9389,Ver,étourdir
9390,Ver,réenvahir
9391,Ver,contenir
9392,Ver,rechampir
9393,Ver,rembrunir
9394,Ver,avertir
9395,Ver,rendurcir
9396,Ver,sortir
9397,Ver,abonnir
9398,Ver,replanir
9399,Ver,découvrir
9400,Ver,décrépir
9401,Ver,prévenir
9402,Ver,bonir
9403,Ver,tiédir
9404,Ver,meurtrir
9405,Ver,vagir
9406,Ver,sentir
9407,Ver,rôtir
9408,Ver,vouloir
9409,Ver,réagir
9410,Ver,réenfouir
9411,Ver,cueillir
9412,Ver,départir
9413,Ver,ébaudir
9414,Ver,réassainir
9415,Ver,salir
9416,Ver,compatir
9417,Ver,gauchir
9418,Ver,prémunir
9419,Ver,divertir
9420,Ver,obéir
9421,Ver,abalourdir
9422,Ver,dégourdir
9423,Ver,discourir
9424,Ver,aboutir
9425,Ver,contrevenir
9426,Ver,désunir
9427,Ver,transir
9428,Ver,emplir
9429,Ver,déchoir
9430,Ver,débouillir
9431,Ver,pourvoir
9432,Ver,appartenir
9433,Ver,arrondir
9434,Ver,convenir
9435,Ver,effleurir
9436,Ver,noircir
9437,Ver,amincir
9438,Ver,ressentir
9439,Ver,parcourir
9440,Ver,resarcir
9441,Ver,affranchir
9442,Ver,blêmir
9443,Ver,soutenir
9444,Ver,réfléchir
9445,Ver,fleurir
9446,Ver,approfondir
9447,Ver,défaillir
9448,Ver,atterrir
9449,Ver,polir
9450,Ver,vernir
9451,Ver,défléchir
9452,Ver,amoindrir
9453,Ver,désassortir
9454,Ver,renforcir
9455,Ver,brandir
9456,Ver,percevoir
9457,Ver,requérir
9458,Ver,hennir
9459,Ver,fourbir
9460,Ver,entr'ouvrir
9461,Ver,abstenir
9462,Ver,épaissir
9463,Ver,candir
9464,Ver,intervertir
9465,Ver,rajeunir
9466,Ver,régir
9467,Ver,offrir
9468,Ver,mentir
9469,Ver,redéfinir
9470,Ver,assombrir
9471,Ver,préconcevoir
9472,Ver,gémir
9473,Ver,bénir
9474,Ver,asservir
9475,Ver,bannir
9476,Ver,matir
9477,Ver,abolir
9478,Ver,amortir
9479,Ver,assujettir
9480,Ver,enhardir
9481,Ver,désinvestir
9482,Ver,pâlir
9483,Ver,moisir
9484,Ver,anéantir
9485,Ver,jaunir
9486,Ver,radoucir
9487,Ver,catir
9488,Ver,rouvrir
9489,Ver,raidir
9490,Ver,éclaircir
9491,Ver,bourrir
9492,Ver,devenir
9493,Ver,réouvrir
9494,Ver,gaudir
9495,Ver,mondiovoir
9496,Ver,souffrir
9497,Ver,renchérir
9498,Ver,assoupir
9499,Ver,attenir
9500,Ver,ressurgir
9501,Ver,cotir
9502,Ver,rassir
9503,Ver,revernir
9504,Ver,provoir
9505,Ver,dormir
9506,Ver,enraidir
9507,Ver,remplir
9508,Ver,rancir
9509,Ver,affaiblir
9510,Ver,cramoisir
9511,Ver,surenchérir
9512,Ver,farcir
9513,Ver,aveulir
9514,Ver,jouir
9515,Ver,issir
9516,Ver,rugir
9517,Ver,disconvenir
9518,Ver,fraîchir
9519,Ver,abougrir
9520,Ver,querir
9521,Ver,venir
9522,Ver,frémir
9523,Ver,surinvestir
9524,Ver,concourir
9525,Ver,subvenir
9526,Ver,prévoir
9527,Ver,fuir
9528,Ver,vrombir
9529,Ver,travestir
9530,Ver,affermir
9531,Ver,louchir
9532,Ver,voir
9533,Ver,esbaudir
9534,Ver,bondir
9535,Ver,élargir
9536,Ver,rosir
9537,Ver,assourdir
9538,Ver,dévêtir
9539,Ver,florir
9540,Ver,rassortir
9541,Ver,réassortir
9542,Ver,reconvertir
9543,Ver,démolir
9544,Ver,dégauchir
9545,Ver,faillir
9546,Ver,revêtir
9547,Ver,blettir
9548,Ver,déraidir
9549,Ver,blétir
9550,Ver,assagir
9551,Ver,crépir
9552,Ver,pâtir
9553,Ver,advenir
9554,Ver,vieillir
9555,Ver,entrouvrir
9556,Ver,recueillir
9557,Ver,endormir
9558,Ver,accroupir
9559,Ver,doucir
9560,Ver,desservir
9561,Ver,défleurir
9562,Ver,emboutir
9563,Ver,néantir
9564,Ver,choisir
9565,Ver,brunir
9566,Ver,rafraîchir
9567,Ver,répartir
9568,Ver,raffermir
9569,Ver,aigrir
9570,Ver,investir
9571,Ver,enchérir
9572,Ver,repétrir
9573,Ver,refuir
9574,Ver,racornir
9575,Ver,allotir
9576,Ver,unir
9577,Ver,étrécir
9578,Ver,garantir
9579,Ver,impartir
9580,Ver,aplanir
9581,Ver,alentir
9582,Ver,dessertir
9583,Ver,assouplir
9584,Ver,émouvoir
9585,Ver,garnir
9586,Ver,endurcir
9587,Ver,entretenir
9588,Ver,introvertir
9589,Ver,décatir
9590,Ver,conquérir
9591,Ver,consentir
9592,Ver,grossir
9593,Ver,recouvrir
9594,Ver,abêtir
9595,Ver,aguerrir
9596,Ver,réunir
9597,Ver,souvenir
9598,Ver,grandir
9599,Ver,assentir
9600,Ver,obscurcir
9601,Ver,autopunir
9602,Ver,mollir
9603,Ver,resplendir
9604,Ver,sancir
9605,Ver,enrichir
9606,Ver,ralentir
