médication		.+ation$
déculpabilisation		.+ation$
revitalisation		.+ation$
pulsation		.+ation$
numérisation		.+ation$
inutilisation		.+ation$
démucilagination		.+ation$
traumatisation		.+ation$
présidentialisation		.+ation$
fracturation		.+ation$
ornementation		.+ation$
ressuscitation		.+ation$
lancination		.+ation$
communication		.+ation$
domination		.+ation$
titubation		.+ation$
subirrigation		.+ation$
isolation		.+ation$
sodomisation		.+ation$
restauration		.+ation$
manipulation		.+ation$
regradation		.+ation$
surtaxation		.+ation$
départicularisation		.+ation$
dépsychiatrisation		.+ation$
collocation		.+ation$
émasculation		.+ation$
dénervation		.+ation$
réhabilitation		.+ation$
dénicotinisation		.+ation$
fumigation		.+ation$
signation		.+ation$
démutisation		.+ation$
pluralisation		.+ation$
automatisation		.+ation$
défocalisation		.+ation$
induration		.+ation$
divagation		.+ation$
suraccumulation		.+ation$
disculpation		.+ation$
fiscalisation		.+ation$
ingurgitation		.+ation$
postulation		.+ation$
financiarisation		.+ation$
perpétuation		.+ation$
décrispation		.+ation$
rutilation		.+ation$
cumulation		.+ation$
fomentation		.+ation$
poldérisation		.+ation$
ignifugation		.+ation$
maculation		.+ation$
métallisation		.+ation$
bureaucratisation		.+ation$
orientation		.+ation$
obstination		.+ation$
suractivation		.+ation$
décélération		.+ation$
remémoration		.+ation$
désappropriation		.+ation$
conjuration		.+ation$
spécialisation		.+ation$
germanisation		.+ation$
agrémentation		.+ation$
supination		.+ation$
sternutation		.+ation$
dérationalisation		.+ation$
lapidification		.+ation$
mythologisation		.+ation$
ritualisation		.+ation$
nationalisation		.+ation$
prolétarisation		.+ation$
énervation		.+ation$
graphitisation		.+ation$
mélanisation		.+ation$
striation		.+ation$
paternalisation		.+ation$
héparinisation		.+ation$
reconsolidation		.+ation$
désaxation		.+ation$
préservation		.+ation$
ovation		.+ation$
instrumentalisation		.+ation$
décolonisation		.+ation$
référenciation		.+ation$
création		.+ation$
infantilisation		.+ation$
rétractation		.+ation$
refixation		.+ation$
céphalisation		.+ation$
pacification		.+ation$
information		.+ation$
sanguification		.+ation$
facilitation		.+ation$
communalisation		.+ation$
réobservation		.+ation$
myélinisation		.+ation$
dévalorisation		.+ation$
catholicisation		.+ation$
chymification		.+ation$
popularisation		.+ation$
énucléation		.+ation$
déségrégation		.+ation$
tubérisation		.+ation$
adoration		.+ation$
excommunication		.+ation$
recarburation		.+ation$
bifurcation		.+ation$
mystification		.+ation$
idiotisation		.+ation$
diaphragmation		.+ation$
russification		.+ation$
subrogation		.+ation$
ioduration		.+ation$
dédivinisation		.+ation$
insufflation		.+ation$
opalisation		.+ation$
diéselisation		.+ation$
potentialisation		.+ation$
fructification		.+ation$
interpolation		.+ation$
totémisation		.+ation$
rebaptisation		.+ation$
cosmopolitisation		.+ation$
orbitation		.+ation$
syllabification		.+ation$
paganisation		.+ation$
interpollinisation		.+ation$
répertoriation		.+ation$
saponification		.+ation$
dégustation		.+ation$
fédération		.+ation$
afforestation		.+ation$
orchestration		.+ation$
focalisation		.+ation$
franchisation		.+ation$
falsification		.+ation$
préconisation		.+ation$
carnification		.+ation$
libéralisation		.+ation$
fascisation		.+ation$
kératinisation		.+ation$
transcatégorisation		.+ation$
transformation		.+ation$
romanisation		.+ation$
gravitation		.+ation$
transmigration		.+ation$
annulation		.+ation$
condamnation		.+ation$
ramification		.+ation$
ventilation		.+ation$
robotisation		.+ation$
rappropriation		.+ation$
chylification		.+ation$
publicisation		.+ation$
accessoirisation		.+ation$
arborisation		.+ation$
cyanuration		.+ation$
désorganisation		.+ation$
lexicalisation		.+ation$
contemplation		.+ation$
modélisation		.+ation$
profération		.+ation$
parallélisation		.+ation$
régurgitation		.+ation$
déprédation		.+ation$
viciation		.+ation$
désoxydation		.+ation$
solarisation		.+ation$
sulfatation		.+ation$
dératisation		.+ation$
déshumidification		.+ation$
gratulation		.+ation$
rumination		.+ation$
instigation		.+ation$
reconsidération		.+ation$
acidification		.+ation$
aérobisation		.+ation$
désappréciation		.+ation$
supplication		.+ation$
béatification		.+ation$
marxisation		.+ation$
surrégénération		.+ation$
concaténation		.+ation$
occultation		.+ation$
bitumisation		.+ation$
prévarication		.+ation$
incivilisation		.+ation$
hygiénisation		.+ation$
wagnérisation		.+ation$
normandisation		.+ation$
résiliation		.+ation$
dextrinisation		.+ation$
débilitation		.+ation$
exagération		.+ation$
passivation		.+ation$
formolisation		.+ation$
grécisation		.+ation$
réinoculation		.+ation$
abhorration		.+ation$
reformulation		.+ation$
replantation		.+ation$
acclimation		.+ation$
stratification		.+ation$
désensibilisation		.+ation$
animation		.+ation$
discontinuation		.+ation$
dévastation		.+ation$
communisation		.+ation$
explantation		.+ation$
amodiation		.+ation$
réaimantation		.+ation$
désatomisation		.+ation$
internationalisation		.+ation$
désopilation		.+ation$
barbarisation		.+ation$
mélioration		.+ation$
démodulation		.+ation$
utilisation		.+ation$
réification		.+ation$
conventionalisation		.+ation$
peroxydation		.+ation$
monopolisation		.+ation$
désarticulation		.+ation$
congrégation		.+ation$
congélation		.+ation$
interprétation		.+ation$
idéation		.+ation$
auscultation		.+ation$
perscrutation		.+ation$
réhabitation		.+ation$
herborisation		.+ation$
préadhérisation		.+ation$
splénisation		.+ation$
célébration		.+ation$
atomisation		.+ation$
précipitation		.+ation$
dérogation		.+ation$
houillification		.+ation$
considération		.+ation$
machination		.+ation$
intensification		.+ation$
dépilation		.+ation$
exploitation		.+ation$
réassignation		.+ation$
affidation		.+ation$
séquestration		.+ation$
sollicitation		.+ation$
désadaptation		.+ation$
rentabilisation		.+ation$
obscuration		.+ation$
réprobation		.+ation$
cancérisation		.+ation$
tamisation		.+ation$
autofécondation		.+ation$
déclamation		.+ation$
majoration		.+ation$
upérisation		.+ation$
humification		.+ation$
coalisation		.+ation$
infestation		.+ation$
sécularisation		.+ation$
exaspération		.+ation$
podzolisation		.+ation$
surréservation		.+ation$
ultraspécialisation		.+ation$
syncrétisation		.+ation$
néantisation		.+ation$
illustration		.+ation$
réformation		.+ation$
hydratation		.+ation$
psychologisation		.+ation$
invocation		.+ation$
archaïsation		.+ation$
orientalisation		.+ation$
crémation		.+ation$
surmédicalisation		.+ation$
provincialisation		.+ation$
revivification		.+ation$
corrélation		.+ation$
réitération		.+ation$
copermutation		.+ation$
dessiccation		.+ation$
solubilisation		.+ation$
expectoration		.+ation$
pustulation		.+ation$
surdilatation		.+ation$
fortification		.+ation$
eczématisation		.+ation$
insémination		.+ation$
énumération		.+ation$
profanation		.+ation$
ranimation		.+ation$
favorisation		.+ation$
élucidation		.+ation$
scarification		.+ation$
anathémisation		.+ation$
requalification		.+ation$
commisération		.+ation$
gesticulation		.+ation$
impétration		.+ation$
décarbonation		.+ation$
déploration		.+ation$
justification		.+ation$
peptonisation		.+ation$
pollinisation		.+ation$
postérisation		.+ation$
défiguration		.+ation$
optimalisation		.+ation$
revalorisation		.+ation$
dissimilation		.+ation$
anhélation		.+ation$
aristocratisation		.+ation$
conformation		.+ation$
apprésentation		.+ation$
socialisation		.+ation$
réimplantation		.+ation$
castration		.+ation$
prénomination		.+ation$
surmultiplication		.+ation$
légation		.+ation$
macération		.+ation$
infiltration		.+ation$
désectorisation		.+ation$
fabulation		.+ation$
levuration		.+ation$
nécessitation		.+ation$
expérimentation		.+ation$
tonification		.+ation$
terrorisation		.+ation$
évaporation		.+ation$
exhortation		.+ation$
molestation		.+ation$
parabolisation		.+ation$
acétylation		.+ation$
démagnétisation		.+ation$
concrétisation		.+ation$
oblitération		.+ation$
prématuration		.+ation$
yodisation		.+ation$
gémination		.+ation$
pronominalisation		.+ation$
intégration		.+ation$
didactisation		.+ation$
anatomisation		.+ation$
métamérisation		.+ation$
exhérédation		.+ation$
dénucléarisation		.+ation$
réorientation		.+ation$
imbrication		.+ation$
défénestration		.+ation$
désaération		.+ation$
décatholicisation		.+ation$
adultération		.+ation$
conciliation		.+ation$
vaccination		.+ation$
sérialisation		.+ation$
identification		.+ation$
divulgation		.+ation$
gastrulation		.+ation$
épithélialisation		.+ation$
copulation		.+ation$
déconcentration		.+ation$
initialisation		.+ation$
natation		.+ation$
registration		.+ation$
pistation		.+ation$
surexcitation		.+ation$
réoxydation		.+ation$
réhydratation		.+ation$
subalternisation		.+ation$
différenciation		.+ation$
conjecturation		.+ation$
criminalisation		.+ation$
appertisation		.+ation$
réembarcation		.+ation$
immatérialisation		.+ation$
épilation		.+ation$
décoloration		.+ation$
autogénération		.+ation$
révolutionnarisation		.+ation$
tonalisation		.+ation$
schizophrénisation		.+ation$
compensation		.+ation$
alkylation		.+ation$
décentration		.+ation$
collimation		.+ation$
congratulation		.+ation$
saturation		.+ation$
régionalisation		.+ation$
déméthanisation		.+ation$
déchloruration		.+ation$
municipalisation		.+ation$
densification		.+ation$
autocongratulation		.+ation$
argumentation		.+ation$
élongation		.+ation$
tunnellisation		.+ation$
contrepassation		.+ation$
actuation		.+ation$
insculpation		.+ation$
inondation		.+ation$
nidation		.+ation$
invagination		.+ation$
stillation		.+ation$
suppliciation		.+ation$
démoralisation		.+ation$
polarisation		.+ation$
picturalisation		.+ation$
pandiculation		.+ation$
détractation		.+ation$
aérodynamisation		.+ation$
institutionnalisation		.+ation$
perméabilisation		.+ation$
réglementation		.+ation$
dévaluation		.+ation$
alunation		.+ation$
déclaration		.+ation$
remilitarisation		.+ation$
synthétisation		.+ation$
normalisation		.+ation$
émendation		.+ation$
exondation		.+ation$
violation		.+ation$
désolation		.+ation$
tropicalisation		.+ation$
coparticipation		.+ation$
métamictisation		.+ation$
adjudication		.+ation$
transsudation		.+ation$
potation		.+ation$
préspécialisation		.+ation$
monumentalisation		.+ation$
subminiaturisation		.+ation$
typisation		.+ation$
suturation		.+ation$
décalcification		.+ation$
fabrication		.+ation$
sulfonation		.+ation$
concélébration		.+ation$
décontamination		.+ation$
inhalation		.+ation$
sursignification		.+ation$
omnisignification		.+ation$
positivation		.+ation$
subjugation		.+ation$
capsulation		.+ation$
gâtification		.+ation$
obturation		.+ation$
variolisation		.+ation$
machinisation		.+ation$
panification		.+ation$
planétarisation		.+ation$
rationalisation		.+ation$
déminéralisation		.+ation$
palpitation		.+ation$
alphabétisation		.+ation$
désignification		.+ation$
copolycondensation		.+ation$
granulation		.+ation$
vérification		.+ation$
regazéification		.+ation$
hydrogénation		.+ation$
fanatisation		.+ation$
anthropomorphisation		.+ation$
aimantation		.+ation$
valorisation		.+ation$
exsudation		.+ation$
désoxygénation		.+ation$
psychiatrisation		.+ation$
conglutination		.+ation$
invitation		.+ation$
défiscalisation		.+ation$
déspécialisation		.+ation$
asphyxiation		.+ation$
exulcération		.+ation$
limitation		.+ation$
impérialisation		.+ation$
association		.+ation$
optimisation		.+ation$
finlandisation		.+ation$
réaugmentation		.+ation$
panthéonisation		.+ation$
européanisation		.+ation$
élémentation		.+ation$
restructuration		.+ation$
polymérisation		.+ation$
incantation		.+ation$
provocation		.+ation$
supplantation		.+ation$
suroccupation		.+ation$
technicisation		.+ation$
insalivation		.+ation$
incurvation		.+ation$
déodorisation		.+ation$
préadaptation		.+ation$
troncation		.+ation$
purgation		.+ation$
allégation		.+ation$
préoccupation		.+ation$
republication		.+ation$
affirmation		.+ation$
déviation		.+ation$
consolation		.+ation$
caramélisation		.+ation$
déflegmation		.+ation$
masculinisation		.+ation$
compulsation		.+ation$
narcotisation		.+ation$
périclitation		.+ation$
synchronisation		.+ation$
substantialisation		.+ation$
incrustation		.+ation$
irrationalisation		.+ation$
diffamation		.+ation$
approximation		.+ation$
inflammation		.+ation$
extrémisation		.+ation$
domiciliation		.+ation$
illimitation		.+ation$
oxygénation		.+ation$
réparation		.+ation$
computation		.+ation$
télémanipulation		.+ation$
autonomisation		.+ation$
prédestination		.+ation$
métaphorisation		.+ation$
évangélisation		.+ation$
investigation		.+ation$
zonation		.+ation$
taxation		.+ation$
indignation		.+ation$
lyophilisation		.+ation$
déconcertation		.+ation$
novation		.+ation$
crépitation		.+ation$
étatisation		.+ation$
perambulation		.+ation$
colonisation		.+ation$
alcoolification		.+ation$
acclamation		.+ation$
amplification		.+ation$
subérisation		.+ation$
courtisation		.+ation$
graciation		.+ation$
exaltation		.+ation$
expertisation		.+ation$
médiocratisation		.+ation$
désignation		.+ation$
ultrafiltration		.+ation$
jansénisation		.+ation$
insonorisation		.+ation$
nervation		.+ation$
phosphatisation		.+ation$
consécration		.+ation$
instantanéisation		.+ation$
agitation		.+ation$
manducation		.+ation$
emphatisation		.+ation$
mélancolisation		.+ation$
encapsulation		.+ation$
freination		.+ation$
vedettisation		.+ation$
improvisation		.+ation$
intercalation		.+ation$
subjectivisation		.+ation$
affiliation		.+ation$
détérioration		.+ation$
giration		.+ation$
impersonnalisation		.+ation$
adaptation		.+ation$
amorphisation		.+ation$
phonologisation		.+ation$
préhumidification		.+ation$
noctambulation		.+ation$
illumination		.+ation$
dédifférenciation		.+ation$
préimagination		.+ation$
pupinisation		.+ation$
recordation		.+ation$
réconciliation		.+ation$
captation		.+ation$
abcédation		.+ation$
prépublication		.+ation$
adverbialisation		.+ation$
affamation		.+ation$
collectivisation		.+ation$
dispensation		.+ation$
liquidation		.+ation$
donation		.+ation$
dulcification		.+ation$
rhétorisation		.+ation$
segmentation		.+ation$
palpation		.+ation$
sonorisation		.+ation$
renationalisation		.+ation$
évagination		.+ation$
inégalisation		.+ation$
vampirisation		.+ation$
dévoration		.+ation$
oblation		.+ation$
uniformisation		.+ation$
nihilisation		.+ation$
algérianisation		.+ation$
vocifération		.+ation$
émulsification		.+ation$
théologisation		.+ation$
insolation		.+ation$
programmation		.+ation$
titanisation		.+ation$
expiation		.+ation$
autopeptisation		.+ation$
sociologisation		.+ation$
centration		.+ation$
fatalisation		.+ation$
opacification		.+ation$
argentation		.+ation$
minimisation		.+ation$
édulcoration		.+ation$
ségrégation		.+ation$
arabisation		.+ation$
édénisation		.+ation$
configuration		.+ation$
copolymérisation		.+ation$
complexation		.+ation$
castramétation		.+ation$
réaffectation		.+ation$
exultation		.+ation$
complexification		.+ation$
homogénéisation		.+ation$
mexicanisation		.+ation$
immigration		.+ation$
accaparation		.+ation$
récusation		.+ation$
suradministration		.+ation$
catégorisation		.+ation$
désexualisation		.+ation$
défibrination		.+ation$
balkanisation		.+ation$
retransformation		.+ation$
solidification		.+ation$
verbalisation		.+ation$
évacuation		.+ation$
amalgamation		.+ation$
prussification		.+ation$
refamiliarisation		.+ation$
suffixation		.+ation$
excavation		.+ation$
octaviation		.+ation$
cassation		.+ation$
nominalisation		.+ation$
prismatisation		.+ation$
réconfortation		.+ation$
enforestation		.+ation$
trépanation		.+ation$
occupation		.+ation$
dépulpation		.+ation$
obtempération		.+ation$
consolidation		.+ation$
plantation		.+ation$
imitation		.+ation$
votation		.+ation$
denticulation		.+ation$
décapitation		.+ation$
cristallisation		.+ation$
sulfurisation		.+ation$
lévigation		.+ation$
signalisation		.+ation$
caustification		.+ation$
procréation		.+ation$
affination		.+ation$
fermentation		.+ation$
annellation		.+ation$
sulfitation		.+ation$
dissipation		.+ation$
mondanisation		.+ation$
flagellation		.+ation$
somatisation		.+ation$
axiomatisation		.+ation$
forfaitisation		.+ation$
instillation		.+ation$
cooptation		.+ation$
gutturalisation		.+ation$
osirification		.+ation$
recoloration		.+ation$
survirilisation		.+ation$
acétification		.+ation$
cohobation		.+ation$
culmination		.+ation$
implication		.+ation$
surmodulation		.+ation$
décristallisation		.+ation$
lutation		.+ation$
présentification		.+ation$
glaciation		.+ation$
lénification		.+ation$
déclination		.+ation$
préprogrammation		.+ation$
révocation		.+ation$
scandalisation		.+ation$
acromégalisation		.+ation$
extravasation		.+ation$
inclination		.+ation$
vulcanisation		.+ation$
péréquation		.+ation$
soviétisation		.+ation$
débaptisation		.+ation$
divinisation		.+ation$
infériorisation		.+ation$
modification		.+ation$
relation		.+ation$
revérification		.+ation$
démonétisation		.+ation$
infirmation		.+ation$
sustentation		.+ation$
technocratisation		.+ation$
discréditation		.+ation$
gradation		.+ation$
devination		.+ation$
indexation		.+ation$
transverbération		.+ation$
absolutisation		.+ation$
prédication		.+ation$
représentation		.+ation$
intellectualisation		.+ation$
dénazification		.+ation$
rechristianisation		.+ation$
plastification		.+ation$
désespération		.+ation$
entérination		.+ation$
mitigation		.+ation$
planification		.+ation$
anticipation		.+ation$
standardisation		.+ation$
caporalisation		.+ation$
cohabitation		.+ation$
acumination		.+ation$
irréalisation		.+ation$
décimation		.+ation$
décrustation		.+ation$
privatisation		.+ation$
mensuration		.+ation$
lustration		.+ation$
éthanisation		.+ation$
relatation		.+ation$
élucubration		.+ation$
revendication		.+ation$
scotomisation		.+ation$
pasteurisation		.+ation$
recommandation		.+ation$
ululation		.+ation$
rétrogradation		.+ation$
salification		.+ation$
cyclisation		.+ation$
ampliation		.+ation$
salvation		.+ation$
albification		.+ation$
squattérisation		.+ation$
incrimination		.+ation$
rejudaïsation		.+ation$
vitamination		.+ation$
aurification		.+ation$
exhalation		.+ation$
ponctuation		.+ation$
coagulation		.+ation$
invalidation		.+ation$
phosphatation		.+ation$
pressurisation		.+ation$
primarisation		.+ation$
opilation		.+ation$
susurration		.+ation$
inoculation		.+ation$
désubjectivisation		.+ation$
aphtisation		.+ation$
diagnostication		.+ation$
révélation		.+ation$
vitrification		.+ation$
démoustication		.+ation$
arriération		.+ation$
suppuration		.+ation$
viabilisation		.+ation$
mondification		.+ation$
lutéinisation		.+ation$
sériation		.+ation$
conflagration		.+ation$
gélification		.+ation$
compartimentation		.+ation$
préfixation		.+ation$
hyperthymisation		.+ation$
borduration		.+ation$
visualisation		.+ation$
slavisation		.+ation$
négation		.+ation$
intubation		.+ation$
agréation		.+ation$
récitation		.+ation$
navalisation		.+ation$
calorisation		.+ation$
aérification		.+ation$
aberration		.+ation$
mouluration		.+ation$
irisation		.+ation$
précation		.+ation$
scintillation		.+ation$
commercialisation		.+ation$
ésotérisation		.+ation$
déspiritualisation		.+ation$
légifération		.+ation$
officialisation		.+ation$
mercerisation		.+ation$
prédation		.+ation$
édentation		.+ation$
nidification		.+ation$
sanctification		.+ation$
décapsulation		.+ation$
épuration		.+ation$
feuilletonisation		.+ation$
maturation		.+ation$
césarisation		.+ation$
spatialisation		.+ation$
sensibilisation		.+ation$
francisation		.+ation$
sporulation		.+ation$
botanisation		.+ation$
agatisation		.+ation$
supranationalisation		.+ation$
gustation		.+ation$
surgénération		.+ation$
neutralisation		.+ation$
japonisation		.+ation$
vexation		.+ation$
déglobulisation		.+ation$
promulgation		.+ation$
autodétermination		.+ation$
claudication		.+ation$
manifestation		.+ation$
mylonitisation		.+ation$
horrification		.+ation$
schématisation		.+ation$
prédécantation		.+ation$
réputation		.+ation$
sulfuration		.+ation$
délocalisation		.+ation$
excoriation		.+ation$
conceptualisation		.+ation$
modalisation		.+ation$
déqualification		.+ation$
caséification		.+ation$
vacation		.+ation$
colligation		.+ation$
militarisation		.+ation$
calcination		.+ation$
réanimation		.+ation$
sibilation		.+ation$
authentification		.+ation$
naturalisation		.+ation$
prostration		.+ation$
cicatrisation		.+ation$
virilisation		.+ation$
quantification		.+ation$
préfiguration		.+ation$
résinification		.+ation$
palettisation		.+ation$
réciprocation		.+ation$
réincarnation		.+ation$
insinuation		.+ation$
réoccupation		.+ation$
sécurisation		.+ation$
débudgétisation		.+ation$
déformation		.+ation$
dévitrification		.+ation$
régénération		.+ation$
ozonisation		.+ation$
térébration		.+ation$
désacralisation		.+ation$
graphitation		.+ation$
contamination		.+ation$
tabulation		.+ation$
occidentalisation		.+ation$
prestidigitation		.+ation$
syndicalisation		.+ation$
manufacturation		.+ation$
égyptianisation		.+ation$
approbation		.+ation$
autosynchronisation		.+ation$
pigmentation		.+ation$
désapprobation		.+ation$
artérialisation		.+ation$
cogitation		.+ation$
corporification		.+ation$
thermisation		.+ation$
constatation		.+ation$
symbolisation		.+ation$
oscillation		.+ation$
innovation		.+ation$
vacillation		.+ation$
indentation		.+ation$
stipulation		.+ation$
miniaturisation		.+ation$
dépolymérisation		.+ation$
abréviation		.+ation$
dramatisation		.+ation$
ergotisation		.+ation$
nanification		.+ation$
damnation		.+ation$
verdunisation		.+ation$
calorifugation		.+ation$
réclamation		.+ation$
surélévation		.+ation$
aliénation		.+ation$
préaccentuation		.+ation$
adjuration		.+ation$
confirmation		.+ation$
hépatisation		.+ation$
familiarisation		.+ation$
désamination		.+ation$
documentation		.+ation$
certification		.+ation$
cléricalisation		.+ation$
privation		.+ation$
hyperimmunisation		.+ation$
comburation		.+ation$
détonation		.+ation$
réinstauration		.+ation$
créditation		.+ation$
féodalisation		.+ation$
recentration		.+ation$
cybernétisation		.+ation$
prégastrulation		.+ation$
amplication		.+ation$
désassimilation		.+ation$
virtualisation		.+ation$
réapplication		.+ation$
lévitation		.+ation$
réinfestation		.+ation$
codification		.+ation$
coopération		.+ation$
estérification		.+ation$
ammonisation		.+ation$
migration		.+ation$
validation		.+ation$
pellétisation		.+ation$
symétrisation		.+ation$
télécommunication		.+ation$
fréquentation		.+ation$
machiavélisation		.+ation$
aspiration		.+ation$
phonétisation		.+ation$
localisation		.+ation$
frigorification		.+ation$
médicalisation		.+ation$
mercantilisation		.+ation$
tintinnabulation		.+ation$
réintronisation		.+ation$
imagination		.+ation$
attestation		.+ation$
africanisation		.+ation$
carbonatation		.+ation$
bakélisation		.+ation$
transistorisation		.+ation$
catéchisation		.+ation$
déforestation		.+ation$
exploration		.+ation$
démocratisation		.+ation$
députation		.+ation$
itération		.+ation$
postsonorisation		.+ation$
théâtralisation		.+ation$
intimation		.+ation$
dédramatisation		.+ation$
réactivation		.+ation$
nuanciation		.+ation$
résignation		.+ation$
gazéification		.+ation$
subdélégation		.+ation$
individuation		.+ation$
maximisation		.+ation$
trituration		.+ation$
nullification		.+ation$
théorisation		.+ation$
ratification		.+ation$
déblatération		.+ation$
artificialisation		.+ation$
constitutionnalisation		.+ation$
monarchisation		.+ation$
formalisation		.+ation$
siccativation		.+ation$
impaludation		.+ation$
destination		.+ation$
négrification		.+ation$
substantivation		.+ation$
imprégnation		.+ation$
humanisation		.+ation$
caractérisation		.+ation$
christification		.+ation$
spoliation		.+ation$
fraternisation		.+ation$
dévitalisation		.+ation$
végétalisation		.+ation$
hyperfiltration		.+ation$
ambulation		.+ation$
captivation		.+ation$
déglutination		.+ation$
écoutation		.+ation$
notation		.+ation$
désaffectation		.+ation$
ibérisation		.+ation$
pathétisation		.+ation$
supervisation		.+ation$
variation		.+ation$
autopurification		.+ation$
sclérification		.+ation$
suscitation		.+ation$
cultivation		.+ation$
paupérisation		.+ation$
personnification		.+ation$
néologisation		.+ation$
terrification		.+ation$
starification		.+ation$
évagation		.+ation$
strangulation		.+ation$
surinterprétation		.+ation$
décivilisation		.+ation$
incinération		.+ation$
parlementation		.+ation$
blastulation		.+ation$
minorisation		.+ation$
scolarisation		.+ation$
jugulation		.+ation$
suroxydation		.+ation$
extirpation		.+ation$
transanimation		.+ation$
narrativisation		.+ation$
victimation		.+ation$
syphilisation		.+ation$
tranquillisation		.+ation$
solvatation		.+ation$
gigantisation		.+ation$
accommodation		.+ation$
réincarcération		.+ation$
extermination		.+ation$
ironisation		.+ation$
spéculation		.+ation$
tarification		.+ation$
démythification		.+ation$
dégoûtation		.+ation$
champagnisation		.+ation$
déification		.+ation$
revigoration		.+ation$
déprogrammation		.+ation$
réexamination		.+ation$
annihilation		.+ation$
hypersensibilisation		.+ation$
estimation		.+ation$
particularisation		.+ation$
vinification		.+ation$
préorganisation		.+ation$
inhumation		.+ation$
capitalisation		.+ation$
citation		.+ation$
fenestration		.+ation$
coïtation		.+ation$
minimation		.+ation$
démystification		.+ation$
réplication		.+ation$
atténuation		.+ation$
géométrisation		.+ation$
aération		.+ation$
anarchisation		.+ation$
madérisation		.+ation$
volcanisation		.+ation$
dévitaminisation		.+ation$
élimination		.+ation$
homologation		.+ation$
pagination		.+ation$
prémédication		.+ation$
hydrofugation		.+ation$
nomadisation		.+ation$
surspécialisation		.+ation$
fornication		.+ation$
exhumation		.+ation$
réintégration		.+ation$
appellation		.+ation$
distanciation		.+ation$
rogation		.+ation$
supplémentation		.+ation$
difformation		.+ation$
pivotation		.+ation$
transfiguration		.+ation$
massification		.+ation$
dénigration		.+ation$
calculation		.+ation$
alternation		.+ation$
accentuation		.+ation$
causation		.+ation$
gyration		.+ation$
humiliation		.+ation$
historialisation		.+ation$
suralimentation		.+ation$
méditation		.+ation$
gemination		.+ation$
excogitation		.+ation$
exonération		.+ation$
régularisation		.+ation$
expropriation		.+ation$
relativisation		.+ation$
insularisation		.+ation$
internalisation		.+ation$
estivation		.+ation$
explication		.+ation$
versification		.+ation$
temporisation		.+ation$
titularisation		.+ation$
préincubation		.+ation$
ponctualisation		.+ation$
ionisation		.+ation$
pronostication		.+ation$
dialectalisation		.+ation$
odorisation		.+ation$
surcotation		.+ation$
recalcification		.+ation$
effémination		.+ation$
israélisation		.+ation$
colliquation		.+ation$
sentimentalisation		.+ation$
facturation		.+ation$
républicanisation		.+ation$
pendulation		.+ation$
hébraïsation		.+ation$
illation		.+ation$
amélioration		.+ation$
cédation		.+ation$
dation		.+ation$
réaccélération		.+ation$
translitération		.+ation$
micronisation		.+ation$
station		.+ation$
granification		.+ation$
électrification		.+ation$
chromatisation		.+ation$
platination		.+ation$
répertorisation		.+ation$
admiration		.+ation$
irroration		.+ation$
stridulation		.+ation$
signification		.+ation$
vulgarisation		.+ation$
relaxation		.+ation$
lamentation		.+ation$
carbonisation		.+ation$
éructation		.+ation$
salarisation		.+ation$
anathématisation		.+ation$
satellisation		.+ation$
suraccélération		.+ation$
prolification		.+ation$
vernalisation		.+ation$
déshabitation		.+ation$
sédimentation		.+ation$
dubitation		.+ation$
cogénération		.+ation$
désodorisation		.+ation$
diésélisation		.+ation$
rubrication		.+ation$
déshydratation		.+ation$
imploration		.+ation$
hypercompensation		.+ation$
mathématisation		.+ation$
marsupialisation		.+ation$
spécification		.+ation$
cadavérisation		.+ation$
rééquilibration		.+ation$
sémitisation		.+ation$
calcification		.+ation$
vocalisation		.+ation$
désargentation		.+ation$
suralcoolisation		.+ation$
angélisation		.+ation$
relocation		.+ation$
clavelisation		.+ation$
confabulation		.+ation$
probation		.+ation$
marmorisation		.+ation$
délation		.+ation$
réopération		.+ation$
bilinguisation		.+ation$
surérogation		.+ation$
raréfication		.+ation$
renégociation		.+ation$
exacerbation		.+ation$
déphosphoration		.+ation$
méthylation		.+ation$
dénationalisation		.+ation$
fragmentation		.+ation$
divination		.+ation$
acétylisation		.+ation$
birbification		.+ation$
déportation		.+ation$
victimisation		.+ation$
réévaluation		.+ation$
acidulation		.+ation$
confrontation		.+ation$
subluxation		.+ation$
rigidification		.+ation$
perforation		.+ation$
thématisation		.+ation$
exhilaration		.+ation$
nervuration		.+ation$
surcapitalisation		.+ation$
vibration		.+ation$
bilocation		.+ation$
désintégration		.+ation$
absorbation		.+ation$
incommodation		.+ation$
incorporation		.+ation$
commination		.+ation$
transmodulation		.+ation$
costumation		.+ation$
préparation		.+ation$
quartation		.+ation$
surdétermination		.+ation$
grammatisation		.+ation$
superfétation		.+ation$
dépravation		.+ation$
fondation		.+ation$
aseptisation		.+ation$
prolongation		.+ation$
stalinisation		.+ation$
manuélisation		.+ation$
émaciation		.+ation$
hystérisation		.+ation$
transpiration		.+ation$
décarboxylation		.+ation$
trivialisation		.+ation$
complotation		.+ation$
arithmétisation		.+ation$
dragéification		.+ation$
suburbanisation		.+ation$
agrégation		.+ation$
dénasalisation		.+ation$
exfoliation		.+ation$
déresponsabilisation		.+ation$
anglicisation		.+ation$
notarisation		.+ation$
réhumectation		.+ation$
réfutation		.+ation$
acceptation		.+ation$
évocation		.+ation$
autotransplantation		.+ation$
pondération		.+ation$
formation		.+ation$
inanimation		.+ation$
continentalisation		.+ation$
foliotation		.+ation$
énarration		.+ation$
commensuration		.+ation$
granitisation		.+ation$
graduation		.+ation$
transmutation		.+ation$
jubilation		.+ation$
académisation		.+ation$
domification		.+ation$
fluorisation		.+ation$
brutalisation		.+ation$
translittération		.+ation$
excitation		.+ation$
féminisation		.+ation$
péritonisation		.+ation$
prosternation		.+ation$
titillation		.+ation$
martyrisation		.+ation$
recristallisation		.+ation$
fédéralisation		.+ation$
simonization		.+ation$
intériorisation		.+ation$
bituminisation		.+ation$
calibration		.+ation$
chrysalidation		.+ation$
titration		.+ation$
accusation		.+ation$
arénation		.+ation$
iconisation		.+ation$
parenthétisation		.+ation$
équilibration		.+ation$
dessaisonalisation		.+ation$
condimentation		.+ation$
alcoolisation		.+ation$
procuration		.+ation$
coloration		.+ation$
enrégimentation		.+ation$
microlithisation		.+ation$
incarcération		.+ation$
défibrillation		.+ation$
aviation		.+ation$
population		.+ation$
latinisation		.+ation$
simplification		.+ation$
numérotation		.+ation$
prégermination		.+ation$
revaccination		.+ation$
suffocation		.+ation$
taylorisation		.+ation$
métamorphisation		.+ation$
consommation		.+ation$
hallucination		.+ation$
carburation		.+ation$
admonestation		.+ation$
trépidation		.+ation$
insolubilisation		.+ation$
printanisation		.+ation$
exorcisation		.+ation$
incubation		.+ation$
hivernation		.+ation$
masturbation		.+ation$
vitaminisation		.+ation$
éducation		.+ation$
structuration		.+ation$
maximalisation		.+ation$
malaxation		.+ation$
corporisation		.+ation$
habitation		.+ation$
réexportation		.+ation$
administration		.+ation$
escarrification		.+ation$
silicification		.+ation$
tuberculisation		.+ation$
revalidation		.+ation$
rapatriation		.+ation$
survalorisation		.+ation$
palatalisation		.+ation$
scorification		.+ation$
périodisation		.+ation$
pérennisation		.+ation$
églomisation		.+ation$
celation		.+ation$
conglomération		.+ation$
hybridation		.+ation$
incrémentation		.+ation$
coprécipitation		.+ation$
rotation		.+ation$
prémutation		.+ation$
notification		.+ation$
nitration		.+ation$
décollation		.+ation$
désexcitation		.+ation$
déflagration		.+ation$
salutation		.+ation$
licenciation		.+ation$
enculation		.+ation$
diabolisation		.+ation$
trucidation		.+ation$
cautérisation		.+ation$
dénotation		.+ation$
dépersonnalisation		.+ation$
péjoration		.+ation$
rémunération		.+ation$
chosification		.+ation$
diversification		.+ation$
cessation		.+ation$
préréfrigération		.+ation$
prussianisation		.+ation$
implantation		.+ation$
perpétration		.+ation$
perspiration		.+ation$
épimérisation		.+ation$
anodisation		.+ation$
exténuation		.+ation$
réinterprétation		.+ation$
flottation		.+ation$
percolation		.+ation$
récupération		.+ation$
urination		.+ation$
dénaturalisation		.+ation$
infatuation		.+ation$
berbérisation		.+ation$
réimperméabilisation		.+ation$
domestication		.+ation$
transillumination		.+ation$
décompensation		.+ation$
reprogrammation		.+ation$
lacération		.+ation$
distillation		.+ation$
perturbation		.+ation$
satanisation		.+ation$
cardinalisation		.+ation$
dégurgitation		.+ation$
irritation		.+ation$
minéralisation		.+ation$
baronification		.+ation$
claustration		.+ation$
températion		.+ation$
nasalisation		.+ation$
décartellisation		.+ation$
insécurisation		.+ation$
topicalisation		.+ation$
vivification		.+ation$
palification		.+ation$
ombilication		.+ation$
vitriolisation		.+ation$
inculcation		.+ation$
colportation		.+ation$
dilacération		.+ation$
mutilation		.+ation$
éternisation		.+ation$
désagrégation		.+ation$
édification		.+ation$
commentation		.+ation$
exorbitation		.+ation$
mythification		.+ation$
barbification		.+ation$
duplication		.+ation$
indemnisation		.+ation$
déconsidération		.+ation$
délignification		.+ation$
négativation		.+ation$
texturisation		.+ation$
impatronisation		.+ation$
exportation		.+ation$
carnisation		.+ation$
isomérisation		.+ation$
hyperpigmentation		.+ation$
harmonisation		.+ation$
stigmatisation		.+ation$
immortalisation		.+ation$
floculation		.+ation$
digitalisation		.+ation$
micromanipulation		.+ation$
qualification		.+ation$
visitation		.+ation$
réactualisation		.+ation$
importation		.+ation$
racémisation		.+ation$
conglomératisation		.+ation$
éventration		.+ation$
indifférenciation		.+ation$
ossification		.+ation$
fluoration		.+ation$
frustration		.+ation$
dollarisation		.+ation$
mobilisation		.+ation$
salivation		.+ation$
collation		.+ation$
évaluation		.+ation$
gemmation		.+ation$
légalisation		.+ation$
désinformation		.+ation$
concentration		.+ation$
ozonation		.+ation$
prédomination		.+ation$
surcompensation		.+ation$
autoconservation		.+ation$
stabilisation		.+ation$
ondulation		.+ation$
complication		.+ation$
délectation		.+ation$
exclamation		.+ation$
inculpation		.+ation$
spiritualisation		.+ation$
démyélinisation		.+ation$
infibulation		.+ation$
avalisation		.+ation$
iodation		.+ation$
dessication		.+ation$
classification		.+ation$
dotation		.+ation$
prédetermination		.+ation$
prophétisation		.+ation$
réimportation		.+ation$
décaféination		.+ation$
génération		.+ation$
fossilisation		.+ation$
installation		.+ation$
intitulation		.+ation$
malversation		.+ation$
déprolétarisation		.+ation$
lapidation		.+ation$
abdication		.+ation$
antidatation		.+ation$
parchemination		.+ation$
consternation		.+ation$
tergiversation		.+ation$
désoperculation		.+ation$
impactation		.+ation$
nazification		.+ation$
hispanisation		.+ation$
aggravation		.+ation$
cantonalisation		.+ation$
historisation		.+ation$
augmentation		.+ation$
autohypnotisation		.+ation$
désaltération		.+ation$
clarification		.+ation$
graticulation		.+ation$
instauration		.+ation$
multiplication		.+ation$
pullulation		.+ation$
autorégulation		.+ation$
retiration		.+ation$
réordination		.+ation$
transportation		.+ation$
surestimation		.+ation$
défoliation		.+ation$
déshydrogénation		.+ation$
idiotification		.+ation$
modération		.+ation$
pétrification		.+ation$
thermorégulation		.+ation$
confédération		.+ation$
fascination		.+ation$
réaffirmation		.+ation$
consultation		.+ation$
affabulation		.+ation$
expurgation		.+ation$
industrialisation		.+ation$
épidermisation		.+ation$
maximation		.+ation$
incitation		.+ation$
trifurcation		.+ation$
prosaïsation		.+ation$
renomination		.+ation$
épithétisation		.+ation$
radiation		.+ation$
baroquisation		.+ation$
obligation		.+ation$
disqualification		.+ation$
déglaciation		.+ation$
éradication		.+ation$
mutation		.+ation$
réoxygénation		.+ation$
passéification		.+ation$
déshumanisation		.+ation$
asiatisation		.+ation$
carbonation		.+ation$
végétation		.+ation$
déambulation		.+ation$
délinéation		.+ation$
vocation		.+ation$
interpénétration		.+ation$
chaptalisation		.+ation$
assignation		.+ation$
élaboration		.+ation$
décrépitation		.+ation$
sacrification		.+ation$
technisation		.+ation$
appropriation		.+ation$
éploration		.+ation$
coaptation		.+ation$
sinisation		.+ation$
starisation		.+ation$
vacuolisation		.+ation$
situation		.+ation$
abomination		.+ation$
vulnération		.+ation$
accumulation		.+ation$
législation		.+ation$
réacclimatation		.+ation$
émigration		.+ation$
dépolarisation		.+ation$
intoxication		.+ation$
fistulisation		.+ation$
dépigmentation		.+ation$
mécanisation		.+ation$
dilatation		.+ation$
détestation		.+ation$
condensation		.+ation$
musication		.+ation$
aromatisation		.+ation$
acculturation		.+ation$
sécuritisation		.+ation$
surnaturalisation		.+ation$
désurbanisation		.+ation$
exécration		.+ation$
dévirilisation		.+ation$
déséquilibration		.+ation$
probabilisation		.+ation$
journalisation		.+ation$
mellification		.+ation$
constipation		.+ation$
éthérification		.+ation$
déshabituation		.+ation$
calorification		.+ation$
dénomination		.+ation$
thermocautérisation		.+ation$
surmaturation		.+ation$
révolvérisation		.+ation$
sudation		.+ation$
ordination		.+ation$
coaltarisation		.+ation$
démonisation		.+ation$
silicatisation		.+ation$
préchloration		.+ation$
hypnotisation		.+ation$
démilitarisation		.+ation$
transsubstantiation		.+ation$
oration		.+ation$
immunisation		.+ation$
globalisation		.+ation$
allégorisation		.+ation$
désintoxication		.+ation$
triangulation		.+ation$
fulguration		.+ation$
confiscation		.+ation$
pénétration		.+ation$
réalimentation		.+ation$
castigation		.+ation$
ostracisation		.+ation$
décortication		.+ation$
truellisation		.+ation$
indétermination		.+ation$
indication		.+ation$
désambiguïsation		.+ation$
réexploitation		.+ation$
répudiation		.+ation$
affrontation		.+ation$
dématérialisation		.+ation$
lemmatisation		.+ation$
réorganisation		.+ation$
recréation		.+ation$
détribalisation		.+ation$
dolomitisation		.+ation$
pulvérisation		.+ation$
grégarisation		.+ation$
instrumentation		.+ation$
appréciation		.+ation$
réédification		.+ation$
budgétisation		.+ation$
kaolinisation		.+ation$
polyploïdisation		.+ation$
surexploitation		.+ation$
arrestation		.+ation$
grammaticalisation		.+ation$
pactisation		.+ation$
banalisation		.+ation$
anormalisation		.+ation$
conspiration		.+ation$
fustigation		.+ation$
déréglementation		.+ation$
remédiation		.+ation$
désertification		.+ation$
pressuration		.+ation$
constitutionalisation		.+ation$
azoturation		.+ation$
diagonalisation		.+ation$
érotisation		.+ation$
personnalisation		.+ation$
humectation		.+ation$
observation		.+ation$
malléabilisation		.+ation$
pérégrination		.+ation$
décentralisation		.+ation$
habilitation		.+ation$
codétermination		.+ation$
désulfuration		.+ation$
galvanisation		.+ation$
assimilation		.+ation$
datation		.+ation$
inventorisation		.+ation$
aciération		.+ation$
préfabrication		.+ation$
réinstallation		.+ation$
dégénération		.+ation$
préaccélération		.+ation$
déprovincialisation		.+ation$
défibration		.+ation$
euphorisation		.+ation$
surreprésentation		.+ation$
oralisation		.+ation$
centrifugation		.+ation$
intronisation		.+ation$
publication		.+ation$
docilisation		.+ation$
bolchevisation		.+ation$
dénudation		.+ation$
honoration		.+ation$
remotivation		.+ation$
décléricalisation		.+ation$
gélatinisation		.+ation$
javellisation		.+ation$
dignification		.+ation$
surhybridation		.+ation$
dépoétisation		.+ation$
thermostatisation		.+ation$
interrogation		.+ation$
délibération		.+ation$
bipolarisation		.+ation$
covariation		.+ation$
réorchestration		.+ation$
hydrophilisation		.+ation$
consignation		.+ation$
détermination		.+ation$
fragilisation		.+ation$
parcellisation		.+ation$
humidification		.+ation$
vitupération		.+ation$
déconsignation		.+ation$
sidération		.+ation$
réalisation		.+ation$
filtration		.+ation$
postdatation		.+ation$
récalcitration		.+ation$
ratiocination		.+ation$
dessillation		.+ation$
décarbonisation		.+ation$
sommation		.+ation$
intentionnalisation		.+ation$
solvation		.+ation$
titrisation		.+ation$
dichotomisation		.+ation$
respiration		.+ation$
imperméabilisation		.+ation$
cannibalisation		.+ation$
balnéation		.+ation$
solidarisation		.+ation$
typification		.+ation$
résination		.+ation$
factorisation		.+ation$
cosmisation		.+ation$
réticulation		.+ation$
émulation		.+ation$
nuncupation		.+ation$
texturation		.+ation$
pénalisation		.+ation$
désolidarisation		.+ation$
élicitation		.+ation$
curation		.+ation$
foration		.+ation$
procrastination		.+ation$
cokification		.+ation$
fonctionnarisation		.+ation$
régulation		.+ation$
décantation		.+ation$
schistification		.+ation$
décommunisation		.+ation$
saltation		.+ation$
antagonisation		.+ation$
trémulation		.+ation$
civilisation		.+ation$
fulmination		.+ation$
statufication		.+ation$
révération		.+ation$
gadgétisation		.+ation$
coordination		.+ation$
organisation		.+ation$
protestantisation		.+ation$
éthérisation		.+ation$
indianisation		.+ation$
oxydation		.+ation$
lamination		.+ation$
subornation		.+ation$
débellation		.+ation$
électrisation		.+ation$
culpabilisation		.+ation$
extériorisation		.+ation$
compénétration		.+ation$
autoéducation		.+ation$
figuration		.+ation$
apuration		.+ation$
inspiration		.+ation$
capitulation		.+ation$
caricaturisation		.+ation$
opération		.+ation$
scrutation		.+ation$
subordination		.+ation$
provençalisation		.+ation$
préformation		.+ation$
solennisation		.+ation$
diaphanisation		.+ation$
dissémination		.+ation$
silicatation		.+ation$
négociation		.+ation$
médiatisation		.+ation$
vassalisation		.+ation$
syllabation		.+ation$
démarcation		.+ation$
sursaturation		.+ation$
disputation		.+ation$
amputation		.+ation$
abjuration		.+ation$
cimentation		.+ation$
accréditation		.+ation$
félicitation		.+ation$
défenestration		.+ation$
thermostation		.+ation$
stimulation		.+ation$
bonification		.+ation$
incération		.+ation$
présentation		.+ation$
réduplication		.+ation$
exemplification		.+ation$
fluidification		.+ation$
centralisation		.+ation$
inauguration		.+ation$
déstabilisation		.+ation$
hypopigmentation		.+ation$
surgélation		.+ation$
élévation		.+ation$
stylisation		.+ation$
exemplarisation		.+ation$
réhumidification		.+ation$
aldolisation		.+ation$
dégradation		.+ation$
acclimatation		.+ation$
transplantation		.+ation$
supériorisation		.+ation$
surcoloration		.+ation$
atropinisation		.+ation$
mésinterprétation		.+ation$
vertébration		.+ation$
propagation		.+ation$
canonisation		.+ation$
sédentarisation		.+ation$
réinvitation		.+ation$
légitimation		.+ation$
parkérisation		.+ation$
déféminisation		.+ation$
volatilisation		.+ation$
microminiaturisation		.+ation$
narration		.+ation$
réadaptation		.+ation$
bestialisation		.+ation$
réincorporation		.+ation$
prestation		.+ation$
palliation		.+ation$
algébrisation		.+ation$
fluctuation		.+ation$
sexualisation		.+ation$
démobilisation		.+ation$
vénération		.+ation$
connotation		.+ation$
dynamisation		.+ation$
remodélation		.+ation$
rectification		.+ation$
mésestimation		.+ation$
translocation		.+ation$
nivellation		.+ation$
autoélectrisation		.+ation$
proverbialisation		.+ation$
curarisation		.+ation$
coloriation		.+ation$
sponsorisation		.+ation$
vaporisation		.+ation$
dissertation		.+ation$
désaimantation		.+ation$
intrication		.+ation$
insensibilisation		.+ation$
égalisation		.+ation$
décomplication		.+ation$
paralysation		.+ation$
explicitation		.+ation$
cadastration		.+ation$
renonciation		.+ation$
dérivation		.+ation$
coéducation		.+ation$
héroïsation		.+ation$
épellation		.+ation$
supputation		.+ation$
ruralisation		.+ation$
dénébulation		.+ation$
allocation		.+ation$
nomination		.+ation$
cotisation		.+ation$
nitruration		.+ation$
poétisation		.+ation$
démultiplication		.+ation$
dénivélation		.+ation$
décarbonatation		.+ation$
simulation		.+ation$
surféminisation		.+ation$
exoration		.+ation$
motorisation		.+ation$
actualisation		.+ation$
conglobation		.+ation$
prélibation		.+ation$
complémentation		.+ation$
annonciation		.+ation$
détoxication		.+ation$
lobotomisation		.+ation$
présonorisation		.+ation$
médiation		.+ation$
initiation		.+ation$
proclamation		.+ation$
clochardisation		.+ation$
crétinisation		.+ation$
chloruration		.+ation$
modulation		.+ation$
lignification		.+ation$
circulation		.+ation$
informatisation		.+ation$
zéolitisation		.+ation$
musicalisation		.+ation$
mondialisation		.+ation$
candisation		.+ation$
reminéralisation		.+ation$
stagnation		.+ation$
animalisation		.+ation$
cartellisation		.+ation$
activation		.+ation$
conservation		.+ation$
désoccupation		.+ation$
éventation		.+ation$
luxation		.+ation$
endoctrination		.+ation$
radicalisation		.+ation$
macadamisation		.+ation$
vélarisation		.+ation$
horripilation		.+ation$
dissécation		.+ation$
expectation		.+ation$
hellénisation		.+ation$
assermentation		.+ation$
recondamnation		.+ation$
confortation		.+ation$
translation		.+ation$
élagation		.+ation$
phosphorisation		.+ation$
institutionalisation		.+ation$
canalisation		.+ation$
consumation		.+ation$
location		.+ation$
articulation		.+ation$
ductilisation		.+ation$
urbanisation		.+ation$
marginalisation		.+ation$
hiérarchisation		.+ation$
navigation		.+ation$
momification		.+ation$
resituation		.+ation$
essentialisation		.+ation$
labialisation		.+ation$
singularisation		.+ation$
enflammation		.+ation$
inchoation		.+ation$
fellation		.+ation$
domanialisation		.+ation$
abrogation		.+ation$
contestation		.+ation$
immatriculation		.+ation$
désincrustation		.+ation$
revascularisation		.+ation$
autovalorisation		.+ation$
savouration		.+ation$
pharyngalisation		.+ation$
licitation		.+ation$
détrônation		.+ation$
participation		.+ation$
totalisation		.+ation$
interpellation		.+ation$
hibernation		.+ation$
mémorisation		.+ation$
odoration		.+ation$
irradiation		.+ation$
télévisualisation		.+ation$
manuellisation		.+ation$
coupellation		.+ation$
renégation		.+ation$
sacralisation		.+ation$
centonisation		.+ation$
magyarisation		.+ation$
médiocrisation		.+ation$
persévération		.+ation$
contre-passation		.+ation$
lixiviation		.+ation$
démotivation		.+ation$
admonétation		.+ation$
corporation		.+ation$
autoconsommation		.+ation$
cémentation		.+ation$
prorogation		.+ation$
bémolisation		.+ation$
glorification		.+ation$
crispation		.+ation$
polycondensation		.+ation$
remastication		.+ation$
cognation		.+ation$
complantation		.+ation$
continuation		.+ation$
délabialisation		.+ation$
immortification		.+ation$
mentalisation		.+ation$
corrodation		.+ation$
désindividualisation		.+ation$
désorientation		.+ation$
démantibulation		.+ation$
extrapolation		.+ation$
inactivation		.+ation$
obnubilation		.+ation$
repénétration		.+ation$
américanisation		.+ation$
agglutination		.+ation$
prédétermination		.+ation$
réunification		.+ation$
créolisation		.+ation$
compilation		.+ation$
comptabilisation		.+ation$
embarcation		.+ation$
assumation		.+ation$
imputation		.+ation$
prononciation		.+ation$
sectorisation		.+ation$
tabouisation		.+ation$
fécondation		.+ation$
hébétation		.+ation$
illutation		.+ation$
émancipation		.+ation$
transcréation		.+ation$
éjaculation		.+ation$
fertilisation		.+ation$
retardation		.+ation$
vascularisation		.+ation$
dénégation		.+ation$
athéisation		.+ation$
professionnalisation		.+ation$
mastication		.+ation$
chromisation		.+ation$
germination		.+ation$
déconsécration		.+ation$
permutation		.+ation$
ovulation		.+ation$
thésaurisation		.+ation$
récrimination		.+ation$
postsynchronisation		.+ation$
relégation		.+ation$
hominisation		.+ation$
normation		.+ation$
substantation		.+ation$
redistillation		.+ation$
réévocation		.+ation$
désorbitation		.+ation$
dilapidation		.+ation$
syncristallisation		.+ation$
syntonisation		.+ation$
conversation		.+ation$
fidélisation		.+ation$
remobilisation		.+ation$
idéalisation		.+ation$
alimentation		.+ation$
cutinisation		.+ation$
discrimination		.+ation$
allitération		.+ation$
météorisation		.+ation$
improbation		.+ation$
vietnamisation		.+ation$
correctionnalisation		.+ation$
culturalisation		.+ation$
tractation		.+ation$
judaïsation		.+ation$
irrigation		.+ation$
mensualisation		.+ation$
stérilisation		.+ation$
basification		.+ation$
circonstanciation		.+ation$
finalisation		.+ation$
minoration		.+ation$
esthétisation		.+ation$
objurgation		.+ation$
tyndallisation		.+ation$
libération		.+ation$
rénovation		.+ation$
tuberculination		.+ation$
maternisation		.+ation$
ostentation		.+ation$
infectation		.+ation$
innervation		.+ation$
sulfinisation		.+ation$
désintellectualisation		.+ation$
récréation		.+ation$
adjectivation		.+ation$
reconfirmation		.+ation$
phosphorylation		.+ation$
désaffiliation		.+ation$
nébulisation		.+ation$
bêtification		.+ation$
systématisation		.+ation$
ultracentrifugation		.+ation$
autorisation		.+ation$
immobilisation		.+ation$
immolation		.+ation$
responsabilisation		.+ation$
alcoylation		.+ation$
corroboration		.+ation$
affectation		.+ation$
vedettarisation		.+ation$
motivation		.+ation$
dépréciation		.+ation$
solmisation		.+ation$
récapitulation		.+ation$
architecturation		.+ation$
perprétation		.+ation$
magnétisation		.+ation$
colorisation		.+ation$
défavorisation		.+ation$
fixation		.+ation$
application		.+ation$
nucléarisation		.+ation$
surinformation		.+ation$
cathétérisation		.+ation$
défloration		.+ation$
décarnisation		.+ation$
expiration		.+ation$
syllabisation		.+ation$
chloration		.+ation$
saccharification		.+ation$
ablation		.+ation$
sublimation		.+ation$
nitratation		.+ation$
adulation		.+ation$
électronisation		.+ation$
passation		.+ation$
altération		.+ation$
pulpation		.+ation$
reprécipitation		.+ation$
ridiculisation		.+ation$
concertation		.+ation$
flirtation		.+ation$
décarburation		.+ation$
unification		.+ation$
dénitrification		.+ation$
moralisation		.+ation$
alcalinisation		.+ation$
subtilisation		.+ation$
excentration		.+ation$
achromatisation		.+ation$
énonciation		.+ation$
dépuration		.+ation$
pronation		.+ation$
photocoagulation		.+ation$
mithridatisation		.+ation$
voyellation		.+ation$
intimidation		.+ation$
objectivation		.+ation$
séparation		.+ation$
accélération		.+ation$
réutilisation		.+ation$
compactation		.+ation$
immédiatisation		.+ation$
lichénification		.+ation$
préméditation		.+ation$
polonisation		.+ation$
dépopularisation		.+ation$
déclassification		.+ation$
subjectivation		.+ation$
empilation		.+ation$
islamisation		.+ation$
tentation		.+ation$
alcalisation		.+ation$
émanation		.+ation$
commutation		.+ation$
futilisation		.+ation$
rééducation		.+ation$
surconsommation		.+ation$
décimalisation		.+ation$
hésitation		.+ation$
reformation		.+ation$
monétisation		.+ation$
gélation		.+ation$
effectuation		.+ation$
hyperbolisation		.+ation$
médullisation		.+ation$
méditerranéisation		.+ation$
mortification		.+ation$
matérialisation		.+ation$
prolifération		.+ation$
décongélation		.+ation$
climatisation		.+ation$
politisation		.+ation$
fissuration		.+ation$
réservation		.+ation$
sophistication		.+ation$
tétanisation		.+ation$
convocation		.+ation$
ulcération		.+ation$
dialectisation		.+ation$
radarisation		.+ation$
défécation		.+ation$
dénaturation		.+ation$
départementalisation		.+ation$
refortification		.+ation$
dévagination		.+ation$
agglomération		.+ation$
individualisation		.+ation$
possibilisation		.+ation$
différentiation		.+ation$
déplantation		.+ation$
dépolitisation		.+ation$
sursimulation		.+ation$
véhiculation		.+ation$
modernisation		.+ation$
éviscération		.+ation$
réaspiration		.+ation$
renormalisation		.+ation$
télésignalisation		.+ation$
autoaccusation		.+ation$
commémoration		.+ation$
surpopulation		.+ation$
précoordination		.+ation$
démasculinisation		.+ation$
malléination		.+ation$
vitalisation		.+ation$
expatriation		.+ation$
surévaluation		.+ation$
propitiation		.+ation$
imprécation		.+ation$
désincarnation		.+ation$
homosexualisation		.+ation$
fétichisation		.+ation$
fonctionnalisation		.+ation$
romantisation		.+ation$
littératurisation		.+ation$
décoration		.+ation$
vaticination		.+ation$
recatégorisation		.+ation$
formulation		.+ation$
hospitalisation		.+ation$
optation		.+ation$
mémoration		.+ation$
européisation		.+ation$
inféodation		.+ation$
mollification		.+ation$
reptation		.+ation$
lubrification		.+ation$
désétatisation		.+ation$
crétification		.+ation$
universalisation		.+ation$
équitation		.+ation$
purification		.+ation$
italianisation		.+ation$
défalcation		.+ation$
déstalinisation		.+ation$
démonstration		.+ation$
assibilation		.+ation$
dénonciation		.+ation$
cotation		.+ation$
dissociation		.+ation$
numération		.+ation$
usurpation		.+ation$
déséducation		.+ation$
laïcisation		.+ation$
désinfectation		.+ation$
guignolisation		.+ation$
séquenciation		.+ation$
détaxation		.+ation$
décérébration		.+ation$
logicisation		.+ation$
démythisation		.+ation$
nitrification		.+ation$
dogmatisation		.+ation$
rugination		.+ation$
désynchronisation		.+ation$
offuscation		.+ation$
ontologisation		.+ation$
réharmonisation		.+ation$
généralisation		.+ation$
délimitation		.+ation$
antiseptisation		.+ation$
gauchisation		.+ation$
réfrigération		.+ation$
protestation		.+ation$
surfacturation		.+ation$
automutilation		.+ation$
exponctuation		.+ation$
délégation		.+ation$
gratification		.+ation$
ovalisation		.+ation$
réverbération		.+ation$
desquamation		.+ation$
tunisification		.+ation$
perduration		.+ation$
arbitration		.+ation$
porphyrisation		.+ation$
salpêtrisation		.+ation$
chloroformisation		.+ation$
déchristianisation		.+ation$
dénivellation		.+ation$
déstructuration		.+ation$
dislocation		.+ation$
temporalisation		.+ation$
désactivation		.+ation$
collaboration		.+ation$
méridionalisation		.+ation$
containerisation		.+ation$
dépénalisation		.+ation$
décapitalisation		.+ation$
spectacularisation		.+ation$
déréalisation		.+ation$
refabrication		.+ation$
substantification		.+ation$
dépressurisation		.+ation$
désaliénation		.+ation$
dissimulation		.+ation$
idéologisation		.+ation$
christianisation		.+ation$
annotation		.+ation$
médicamentation		.+ation$
planétisation		.+ation$
cérébralisation		.+ation$
incarnation		.+ation$
