démolissement		.+issement$
gémissement		.+issement$
désangoissement		.+issement$
ressurgissement		.+issement$
accroupissement		.+issement$
bondissement		.+issement$
convertissement		.+issement$
raplatissement		.+issement$
renchérissement		.+issement$
roidissement		.+issement$
réjouissement		.+issement$
assourdissement		.+issement$
nourrissement		.+issement$
surgissement		.+issement$
renforcissement		.+issement$
réassainissement		.+issement$
allotissement		.+issement$
agrandissement		.+issement$
fléchissement		.+issement$
jaillissement		.+issement$
pissement		.+issement$
raidissement		.+issement$
rebondissement		.+issement$
enhardissement		.+issement$
atterrissement		.+issement$
enlaidissement		.+issement$
réinvestissement		.+issement$
agissement		.+issement$
grandissement		.+issement$
dévissement		.+issement$
embellissement		.+issement$
adoucissement		.+issement$
rabougrissement		.+issement$
rôtissement		.+issement$
froissement		.+issement$
arrondissement		.+issement$
raccourcissement		.+issement$
durcissement		.+issement$
transissement		.+issement$
verdissement		.+issement$
affranchissement		.+issement$
mollissement		.+issement$
apetissement		.+issement$
abolissement		.+issement$
déraidissement		.+issement$
envahissement		.+issement$
crissement		.+issement$
obscurcissement		.+issement$
sertissement		.+issement$
infléchissement		.+issement$
enfouissement		.+issement$
gaudissement		.+issement$
mûrissement		.+issement$
rendurcissement		.+issement$
tarissement		.+issement$
assujettissement		.+issement$
abougrissement		.+issement$
anoblissement		.+issement$
élargissement		.+issement$
éblouissement		.+issement$
finissement		.+issement$
avertissement		.+issement$
brandissement		.+issement$
blétissement		.+issement$
flétrissement		.+issement$
glapissement		.+issement$
empoissement		.+issement$
rembrunissement		.+issement$
blettissement		.+issement$
gravissement		.+issement$
fournissement		.+issement$
tiédissement		.+issement$
améliorissement		.+issement$
noircissement		.+issement$
ralentissement		.+issement$
appauvrissement		.+issement$
fouissement		.+issement$
emboutissement		.+issement$
reverdissement		.+issement$
replissement		.+issement$
avachissement		.+issement$
rajeunissement		.+issement$
dépérissement		.+issement$
vêtissement		.+issement$
radoucissement		.+issement$
rosissement		.+issement$
intervertissement		.+issement$
engourdissement		.+issement$
baissement		.+issement$
enraidissement		.+issement$
hennissement		.+issement$
réfléchissement		.+issement$
blondissement		.+issement$
désinvestissement		.+issement$
affaiblissement		.+issement$
enorgueillissement		.+issement$
fleurissement		.+issement$
invertissement		.+issement$
bénissement		.+issement$
chérissement		.+issement$
écrouissement		.+issement$
ensevelissement		.+issement$
surenchérissement		.+issement$
affermissement		.+issement$
abasourdissement		.+issement$
ahurissement		.+issement$
moisissement		.+issement$
plissement		.+issement$
assainissement		.+issement$
affadissement		.+issement$
alanguissement		.+issement$
défroissement		.+issement$
bêtissement		.+issement$
rélargissement		.+issement$
rendormissement		.+issement$
accourcissement		.+issement$
aplatissement		.+issement$
abalourdissement		.+issement$
saisissement		.+issement$
vagissement		.+issement$
blottissement		.+issement$
déplissement		.+issement$
désengourdissement		.+issement$
enchérissement		.+issement$
alentissement		.+issement$
endormissement		.+issement$
rejaillissement		.+issement$
roussissement		.+issement$
surinvestissement		.+issement$
brunissement		.+issement$
pétrissement		.+issement$
poissement		.+issement$
trissement		.+issement$
débrutissement		.+issement$
ravissement		.+issement$
bleuissement		.+issement$
florissement		.+issement$
ratissement		.+issement$
enrichissement		.+issement$
blanchissement		.+issement$
lissement		.+issement$
ameublissement		.+issement$
défraîchissement		.+issement$
jouissement		.+issement$
bannissement		.+issement$
surbaissement		.+issement$
barrissement		.+issement$
ternissement		.+issement$
aplanissement		.+issement$
assombrissement		.+issement$
équarrissement		.+issement$
abêtissement		.+issement$
périssement		.+issement$
rapetissement		.+issement$
nantissement		.+issement$
assouvissement		.+issement$
rétrécissement		.+issement$
mugissement		.+issement$
vomissement		.+issement$
asservissement		.+issement$
abonnissement		.+issement$
aveulissement		.+issement$
dégrossissement		.+issement$
aguerrissement		.+issement$
amincissement		.+issement$
connaissement		.+issement$
dégourdissement		.+issement$
rabaissement		.+issement$
divertissement		.+issement$
déguerpissement		.+issement$
appesantissement		.+issement$
frémissement		.+issement$
rafraîchissement		.+issement$
investissement		.+issement$
répartissement		.+issement$
croupissement		.+issement$
anéantissement		.+issement$
dégarnissement		.+issement$
ébaudissement		.+issement$
accroissement		.+issement$
défléchissement		.+issement$
désépaississement		.+issement$
évanouissement		.+issement$
rencaissement		.+issement$
étrécissement		.+issement$
rétablissement		.+issement$
rugissement		.+issement$
tapissement		.+issement$
étourdissement		.+issement$
amollissement		.+issement$
maudissement		.+issement$
retentissement		.+issement$
abaissement		.+issement$
dépolissement		.+issement$
remplissement		.+issement$
assouplissement		.+issement$
emplissement		.+issement$
engloutissement		.+issement$
pourrissement		.+issement$
endurcissement		.+issement$
louchissement		.+issement$
vrombissement		.+issement$
resplendissement		.+issement$
ragaillardissement		.+issement$
délaissement		.+issement$
languissement		.+issement$
ramollissement		.+issement$
préétablissement		.+issement$
dessaisissement		.+issement$
amortissement		.+issement$
assagissement		.+issement$
hérissement		.+issement$
éclaircissement		.+issement$
abroutissement		.+issement$
décatissement		.+issement$
décroissement		.+issement$
ressaisissement		.+issement$
approfondissement		.+issement$
endolorissement		.+issement$
subvertissement		.+issement$
dégraissement		.+issement$
réenfouissement		.+issement$
coulissement		.+issement$
épanouissement		.+issement$
jaunissement		.+issement$
abâtardissement		.+issement$
ébaubissement		.+issement$
ébahissement		.+issement$
hissement		.+issement$
encaissement		.+issement$
établissement		.+issement$
assentissement		.+issement$
défleurissement		.+issement$
travestissement		.+issement$
affaissement		.+issement$
rougissement		.+issement$
rassissement		.+issement$
ennoblissement		.+issement$
décaissement		.+issement$
lotissement		.+issement$
resurgissement		.+issement$
refroidissement		.+issement$
alourdissement		.+issement$
attiédissement		.+issement$
bruissement		.+issement$
raffermissement		.+issement$
revêtissement		.+issement$
démaigrissement		.+issement$
racornissement		.+issement$
dégauchissement		.+issement$
vieillissement		.+issement$
pâlissement		.+issement$
faiblissement		.+issement$
refleurissement		.+issement$
empuantissement		.+issement$
gauchissement		.+issement$
amaigrissement		.+issement$
fraîchissement		.+issement$
salissement		.+issement$
franchissement		.+issement$
amoindrissement		.+issement$
applaudissement		.+issement$
assoupissement		.+issement$
dévêtissement		.+issement$
avilissement		.+issement$
meurtrissement		.+issement$
engraissement		.+issement$
esbaudissement		.+issement$
aigrissement		.+issement$
glissement		.+issement$
grossissement		.+issement$
regaillardissement		.+issement$
abrutissement		.+issement$
rancissement		.+issement$
aboutissement		.+issement$
accomplissement		.+issement$
attendrissement		.+issement$
épaississement		.+issement$
compatissement		.+issement$
assortissement		.+issement$
blêmissement		.+issement$
